ref,outcome,k=15,k=14,k=13,k=12,k=11,k=10,k=9,k=8,k=7,k=6,k=5,k=4,k=3,k=2,k=1
AM17.1,2,104.1435983751,101.76743784,99.0357102611,95.850466992,92.0930413284,88.051564322,83.1161761259,77.264966652,70.3579162906,62.3859096541,51.8864788385,41.3189581968,32.0239730182,28.9619055857,28.6561411863
AM17.2,2,76.3086441893,76.199342022,76.07405523,75.9279141534,75.7556366211,75.5536838023,75.3156115715,75.0197707855,74.798439454,74.5126160389,74.1314095083,73.5946268083,72.7418348703,71.0551780858,66.8222860029
AM17.3,2,82.7837233016,82.5444013381,82.268260611,81.950701511,81.5783004358,81.1389344875,80.6023121774,79.9379539963,79.0847029497,77.9471549572,76.3608163019,73.9874951331,70.0383207795,62.1403326816,38.4463683878
AM17.4,2,57.9346894193,57.8095603175,57.6660757225,57.4990850364,57.3021920242,57.0716410015,56.7905059515,56.4416571242,55.9981372653,55.4096668278,54.6784260135,53.6023466206,51.8562746693,48.4107252578,38.1598700411
AM17.5,2,119.3913841817,115.1761963838,110.3128858051,104.6390974402,98.822159283,95.3713232308,92.3094005777,88.9096178683,84.5464274516,81.2394510942,77.1601646594,71.0779888919,62.4047100715,54.4388996668,38.2303563699
AM17.6,2,65.5992805257,64.8418699513,63.9682830324,62.9510411172,61.7519277593,60.3142783333,58.5975430167,56.4599278136,53.7277195845,50.0932750354,45.0195845045,38.2632718972,31.2249637409,27.8942218268,27.5749243644
AM17.7,2,82.7736254309,82.5342287768,82.2580018683,81.940071582,81.5675279104,81.1279855996,80.5907925313,79.9260939657,79.0724951881,77.9345802041,76.3475319963,73.9739288909,70.0233772538,62.1222739795,38.4202654766
AM17.8,3,127.757927086,125.3978749415,122.6748060595,119.4982745705,115.7443017924,111.2399776266,108.1043332178,104.4241928837,100.6093606908,95.5311336784,90.2145331142,85.9766206331,79.8105772784,67.5538216399,37.9908432143
AM17.9,3,164.2202993881,161.786677185,159.0115814784,155.8079127301,152.0224827478,147.4799667691,141.971244677,135.0867430806,126.252830389,114.4751971029,97.9869982243,73.2548394566,32.0354924531,29.1507049912,29.1187546751
AM17.10,2,72.9165001812,72.4722444502,72.0159798605,71.4840073335,70.8560097104,70.102577442,69.1856369892,68.040562583,66.5737392787,64.6295486137,61.9130120108,57.8397925072,51.088075471,43.3240511334,37.4434840912
AM17.11,2,55.0388607716,54.7863584259,54.4999133841,54.1659536042,53.7716404913,53.2989955973,52.7272014322,52.0256477758,51.1263448357,50.1895766892,48.9036477805,47.0220397055,43.9709406093,38.4134978381,37.4116513574
AM17.12,3,44.0666382304,43.3351395317,42.4915790261,41.5091341965,40.348740561,38.9571928528,37.262701746,35.1457577107,32.4338911717,28.8348577697,25.8819366545,25.0871476484,24.9227882293,24.8626767285,24.8604223369
mw17.1,2,47.8896658418,47.6588328994,47.461151066,47.2539069958,47.0321822141,46.783024055,46.4998768355,46.1513375712,45.7284775264,45.1717417517,44.3969169633,43.2873214557,41.4480281822,39.3790164109,38.0292279751
mw17.2,2,47.2981852009,47.2261810062,47.1434455107,47.0470964439,46.934677642,46.8007505238,46.6379664006,46.4410178775,46.1896919333,45.8593210552,45.3972060063,44.7059871988,43.5715996048,41.3167203647,34.61176729
mw17.3,2,48.1233040485,47.9850125884,47.8257000209,47.6405636205,47.4278624914,47.1733574889,46.865250856,46.4838802922,45.9979823879,45.4392995274,44.6681319641,43.5434609219,41.7209023387,38.1262088253,38.0724186864
mw17.5,2,180.6127537705,179.6602344509,178.5945604798,177.3845891807,175.9546231,174.239017986,172.1839350873,169.6163360279,166.3300449986,161.9493875547,155.8169855955,146.6204367694,131.2936905011,130.5553979337,130.5450988873
mw17.7,2,21.5143188502,20.8515299935,20.0886431068,19.2068776849,18.1699927166,16.9867054457,15.5464175772,14.4033995389,13.3735279161,12.0410566495,10.1777727853,7.3849789211,7.3596982501,7.3113684508,7.1707964335
mw17.8,2,66.5658245938,66.1888027828,65.7542704703,65.2477161909,64.6491628468,63.9311504436,63.0741833815,62.0109047357,60.6446759746,59.1577777913,57.2045361415,56.019088168,54.442883886,53.1617534482,49.9287833022
mw17.9,2,88.356531944,86.7044033712,85.1706674432,83.7421892143,82.0583750047,80.8170945947,79.4405391836,77.9653384076,76.0958850778,73.713724702,70.3884444255,65.8416631565,59.4487825321,46.7836555116,37.2748569471
mw17.10,2,48.1822718761,48.0429303814,47.8825951586,47.6967893771,47.4820308869,47.2249939271,46.9159195061,46.5347232111,46.0475385863,45.4880318931,44.725927852,43.6241948971,41.8200730472,38.2624845951,38.2045344783
mw17.11,2,77.2531379524,76.4225488105,75.4701163048,74.6737007602,73.7578707926,72.8052973922,71.6453924955,70.1974269108,68.3463574054,65.9357228768,62.5644944927,57.5077374996,49.0887182931,40.5312898111,38.3617779615
mw17.4,2,120.9839382168,118.6314171798,116.150794217,113.3118993465,110.223069968,106.6963953957,102.4149274538,97.072918511,91.5515524245,85.4296764284,78.1181538077,69.6060614059,64.6502501688,57.6362942421,37.1220596802
mw20.1,3,47.660261044,47.4369170785,47.2446310874,47.0439019619,46.8314964551,46.6014410577,46.3252971524,45.9839803428,45.5544605352,44.9839550743,44.1974796197,43.0387548402,41.1167822583,39.075658112,37.7046023616
mw20.2,2,41.6015010716,41.1450798944,40.6247955951,40.0606724954,39.4181821968,38.649838307,37.7186606141,36.560373837,35.1519769118,34.4228162486,33.5774130651,32.5788812667,31.0331289142,27.9954351548,27.2202507384
mw20.3,2,47.878653196,47.7410772221,47.5833217659,47.3994301095,47.1830546671,46.9235908335,46.6136795412,46.2272523157,45.7380148285,45.1808558669,44.4144409761,43.2878761221,41.4437692703,37.763582834,37.7110056521
mw20.4,3,121.0626491763,118.7264382876,116.2474637015,113.43435429,110.3457310966,106.8332772031,102.5423150701,97.1899611358,91.6976677995,85.6020077035,78.2995072798,69.8042927289,64.8732913707,57.8906924266,37.4180946754
mw20.5,3,127.649452775,125.2843935107,122.5559869523,119.3731765198,115.6140488875,111.1035179285,107.9630096186,104.2767107288,100.4585720734,95.3760919452,90.0491504963,85.7995471532,79.6149518695,67.320981387,37.6567066505
mw20.7,3,20.0781922114,19.3427948188,18.5027719366,17.5244137422,16.377131702,15.0139903806,13.3533766721,11.9242607622,10.7230437041,9.1221297913,6.8817395161,3.5252662707,3.5005094852,3.4527958708,3.316205939
mw20.8,3,40.8448914488,38.0196576823,36.4040725815,34.5193972516,34.1959486076,33.8234540472,33.5678833935,33.2734417335,32.8956531658,32.4120819499,31.9084262633,31.1566360177,29.9039301737,27.4320618788,27.0047287852
mw20.9,3,88.2125119333,86.5555825776,85.0189611919,83.580884531,81.8817307861,80.6360218896,79.2604247562,77.778190522,75.9017324957,73.5093022026,70.1696481352,65.6039010491,59.1788783989,46.4528686738,36.9397989525
mw20.10,3,47.9495139342,47.8118595132,47.6531173105,47.4679850548,47.2504489366,46.9906128209,46.680663615,46.2941253144,45.8005739228,45.2434151586,44.4819731476,43.3635178052,41.5331721766,37.9156828984,37.8585367134
mw20.11,3,77.0599669405,76.2230024859,75.2623770231,74.4587262473,73.5343988158,72.5740133817,71.4099032357,69.9550802355,68.0920546435,65.6777653862,62.2990034799,57.2309460363,48.7931306139,40.1792676486,38.0472038723
AM20.1,2,103.9863897486,101.5999062839,98.8553193974,95.6592901229,91.8899264222,87.83161574,82.8717820892,77.0017880283,70.0781280823,62.078488621,51.5512331887,40.9355862763,31.5779601415,28.4721735351,28.1629519752
AM20.2,2,82.5601166561,82.2868310802,81.972779889,81.6067845968,81.1772482775,80.6625463058,80.034893754,79.2519411825,78.2466813142,76.9070975782,75.2682365134,72.8488080321,68.8583998222,60.9499428981,37.895724871
AM20.3,3,82.6765595998,82.4438345863,82.1753556089,81.8621301351,81.4919545753,81.0478895113,80.5095566597,79.8392619712,78.9774545145,77.8285829317,76.2230591488,73.8200511228,69.8268412574,61.861690903,38.0454847868
AM20.4,4,57.7331600648,57.6082149598,57.4672874287,57.302962508,57.1088286642,56.8770252912,56.5948220251,56.2483494263,55.8038756175,55.2122299644,54.4839635137,53.4085434364,51.6424168026,48.1517549216,37.7674467477
AM20.5,4,119.2535329382,115.0315274657,110.1618155865,104.4805968335,98.6564862905,95.1990633538,92.1300818833,88.7284095066,84.3627565739,81.0437929729,76.9502122366,70.8509880253,62.1482445111,54.139319638,37.8207814286
AM20.6,4,65.388649131,64.6268659524,63.7484859659,62.7270268707,61.5202955967,60.0726776489,58.3468846149,56.1956977071,53.439480518,49.775300337,44.6594982685,37.8668939555,30.7772856437,27.3997170337,27.0747247556
AM20.7,3,57.9518149129,57.4447170908,56.8603127532,56.1828656567,55.3827447633,54.4243926271,53.3037400922,51.9110020325,50.1315690271,47.7717172963,44.4802066248,39.5700888701,31.408983299,28.1916962297,27.8231746091
AM20.8,3,127.648900654,125.284212142,122.5562380529,119.3739413378,115.6152480169,111.1052411993,107.964471785,104.2780576299,100.4613616024,95.3806624886,90.0541853334,85.8049328684,79.6206851225,67.3276795514,37.6653042166
AM20.9,3,164.1006821225,161.6640771405,158.8856103056,155.6746914764,151.8843978181,147.336045428,141.8212650996,134.9286573839,126.0823634144,114.2881360845,97.7764944916,73.0145036529,31.7450320165,28.8468358528,28.8144752526
AM20.10,3,72.750600198,72.3023792334,71.8430712555,71.3075805848,70.6756062008,69.917920994,68.9979568827,67.8505391018,66.3777923995,64.422946773,61.6915391606,57.6120386944,50.8285815113,43.0091735729,37.1681215875
AM20.11,2,54.8384069783,54.5829171557,54.2886462348,53.9494000812,53.5491320918,53.0708025567,52.4883562169,51.7620801065,50.8292492535,49.8815805246,48.6017156934,46.7295239627,43.6793053731,38.0901695001,37.0902605192
AM20.12,3,54.29764743,53.6864562237,52.9870335811,52.2047582651,51.2989331829,50.2144973625,48.8979262215,47.2535475879,45.1406560104,43.1322265978,40.4730727681,37.8131765015,35.4219598268,31.0234458244,21.390428509
mw24.1,2,59.377829717,56.7892150571,53.8023854128,50.4511861731,46.4910221923,43.9269980012,40.7932233996,37.6687687935,33.6526548012,29.5560170031,25.7491186089,20.0392987276,20.0342252868,20.0276611381,20.026630845
mw24.2,2,48.4157816408,46.7795284631,44.8915935395,42.6890284035,40.4634588162,37.7934451848,35.6333278283,32.9355416514,29.7207994358,25.4346362519,19.4357632139,10.4375551892,7.2272472108,0.8273075873,0.1956770298
mw24.3,4,84.5667127422,82.1504460332,79.3625624343,76.1100543793,72.5634102665,68.3081478051,63.7383169773,61.3707567093,58.3307737945,54.6857145592,49.5839709663,43.2631308312,32.7293654483,20.0357928335,20.0010851076
mw24.5,3,90.9800176676,87.2026842093,84.8443804353,82.0930448564,78.8415110123,74.9396964326,70.1708368855,64.2101563045,57.9938793388,54.5568850263,51.032799848,45.7479531104,37.1701045996,20.0157945006,20.0063316305
mw24.6,4,78.2301509011,75.0655425549,71.4153259262,67.7926860033,63.5527047349,59.914756606,55.4684540277,49.9118764166,43.3530299715,34.6085282358,25.0049642427,10.6024997328,7.4289800163,1.1292749641,1.0274698292
mw24.7,4,45.9158288373,45.0506266855,44.0724333197,42.9312683395,41.5826717142,39.9652378768,38.244590253,36.0953805652,33.7454582128,30.6139431094,26.3899818919,20.0636940272,20.0594034269,20.0542648499,20.0541681904
mw24.8,4,77.9360513992,76.2457697182,74.2960615117,73.0919266253,71.6692982604,70.1904958408,68.6231108386,66.6640048385,64.1459470058,60.7885763288,56.4676596013,49.9884445814,40.004976642,20.0434029604,20.027677444
mw24.9,4,45.9093684625,45.0449254802,44.0662929832,42.9250844881,41.5764857121,39.95821755,38.2370642103,36.087913203,33.7367766563,30.6032788872,26.3791137718,20.0480396987,20.0415430614,20.0337397264,20.0328775327
mw24.10,3,53.2142650527,51.4006081451,49.6665562947,47.6441146951,45.9950884904,44.016493168,41.5988857865,38.5769448239,36.8281051835,34.4964348855,31.4867395655,26.9740199461,24.6533110032,20.0129296179,20.0004457035
mw22.1,3,45.8979301048,45.0341398433,44.054094887,42.9112989164,41.5607922826,39.9402448933,38.2187462683,36.0685289621,33.7134566365,30.5748068884,26.3507210285,20.0146657948,20.0101252493,20.0051271179,20.0050575273
mw22.2,4,53.2326100993,51.4203749586,49.6867638827,47.6652038839,46.0169373091,44.0392196495,41.6229163839,38.6027079615,36.8526519689,34.519513681,31.51111583,27.0016730969,24.6832082121,20.0478549428,20.0290428958
mw22.3,4,82.3148017518,80.1600837741,77.6739008883,75.5666839313,73.0774430793,70.4629482599,67.3722235369,63.5444314158,58.6239105365,52.2862882289,43.4156348788,39.7406540422,33.6223909389,30.237402985,20.0980900528
mw22.4,4,76.4649947914,72.2238136298,67.4896569219,61.9668138254,56.8845598583,50.7862068935,45.0806005726,37.9489112056,30.2914382471,20.0818479576,20.0793590468,20.0760817219,20.0719337828,20.068608448,20.0588272399
mw22.5,3,111.6537470872,107.2412375309,102.150110314,96.2104710858,90.5802373189,83.8241931186,75.6608885641,65.4585857069,57.8578834131,47.7238517834,36.6462717603,20.0313498496,20.0221189983,20.0180969353,20.0132974282
mw22.6,4,64.0157831296,62.1063001121,59.9216216883,57.3729331837,54.5401239769,51.1430029904,47.0152602028,41.8569735276,36.7752977638,30.0007622391,26.0199983714,20.051518726,20.0459066405,20.0429021795,20.0404959377
mw22.11,4,75.5716948386,74.4085282465,73.1332129607,71.6545224084,69.9214609872,67.8883327174,65.408108728,63.6300066023,61.3439385858,58.29798858,54.4712295903,48.7318065551,39.1671523158,20.0383692942,20.0288042436
AM23.1,3,97.2755963147,93.0642551296,88.2050450064,82.9784559991,76.8015925469,70.7344139837,63.3195919011,56.9993213939,48.8733295522,42.2284130809,32.9268628882,25.7646711749,13.8277220687,10.7287135358,1.4570744353
AM23.2,3,91.1398277697,88.8712541477,87.4885688499,85.8765870199,83.9719392872,81.6864166191,79.4774406554,76.7173483698,73.2917824918,68.7245005767,62.4755582307,53.1022767181,42.0742413333,20.0182985045,20.000922218
AM23.3,3,76.5565254943,74.8848817439,72.9571024515,70.8751485379,68.4151697412,66.2632351699,63.7305978655,60.5816255046,56.5572067054,51.264451965,43.8722635166,34.9331903482,20.0373142445,20.0339054009,20.0274210779
AM23.4,4,57.4424058311,56.8011398427,56.0766811231,55.2319016875,54.2336351512,53.0357642692,51.7832649801,50.2191604142,48.5765942618,46.3876044714,43.7521638008,39.8003105804,33.2163654511,20.0488742526,20.0264863758
AM23.5,2,78.3501288533,75.470609263,73.6446326447,71.5157813328,69.6946524978,67.5093366395,64.8384877737,61.5001977697,57.208117047,51.4859665341,47.4842218154,41.482907537,34.3366619877,20.0481556121,20.0439652843
AM23.6,3,59.8891798291,58.3481492013,56.8476765838,55.0976097203,53.1721489291,50.8617267719,48.7085086256,46.0170930173,43.4065950076,39.927112071,37.9346168386,34.946214887,29.9686651297,20.0165363625,20.0038947723
AM23.7,4,76.5712931486,74.899367315,72.9719345522,70.8921628021,68.434679812,66.282905477,63.7514466424,60.6012010945,56.5756277886,51.2865541269,43.8897854032,34.9554756454,20.067283834,20.0565610957,20.0256419243
AM23.8,3,76.4389278989,72.1964335008,67.4607898936,61.9361996141,56.8519841843,50.751294136,45.0421812284,37.906552544,30.2446867031,20.0292890081,20.0270248916,20.0240558437,20.0203429196,20.0166271371,20.0060269232
AM23.9,4,224.2399794129,216.261625725,207.0559127998,199.2822002254,190.0952185881,183.4856047581,175.4073076878,165.3153167089,152.3399318319,135.041495293,110.8237394748,74.4971479233,13.9528864606,10.9081978993,1.790536886
AM26.1,3,82.3025861612,80.1476842628,77.661279499,75.5539413686,73.0635130647,70.4477974083,67.3561911961,63.5279174809,58.6065017301,52.2677995097,43.3938991226,39.718425975,33.592914986,30.2018334771,20.0370133056
AM26.2,4,72.7834569052,70.7895091645,69.4207936345,67.8863492519,66.2529719773,64.2946377119,61.9017615091,58.910753254,56.0158501719,52.1579964774,46.9387458045,39.1130878739,32.7634922252,20.0645066369,20.0408904927
AM26.3,3,62.6113052843,61.0611945143,60.0794039193,59.1191858212,58.295300413,57.307431436,56.4529261811,55.384920821,54.1328200385,52.4637255001,50.1285490118,46.6260613576,44.4266803964,40.0342775229,40.0331783621
AM26.4,4,48.5280291853,46.9018266001,45.025473763,42.8364288865,40.6269774214,37.9763378467,35.8382545234,33.1678759917,29.9867909437,25.7454844898,19.808878238,10.9040037163,7.8525727651,1.7651887403,1.5015352443
AM26.5,4,84.5660405469,82.1497670075,79.3618752712,76.1093533458,72.5627155692,68.3073966022,63.7373637991,61.3697977204,58.3296732939,54.6845639474,49.5826113865,43.2615815669,32.7273100427,20.0335661546,20.0009126109
AM26.6,3,45.8986754696,45.0338531454,44.0539178051,42.9112476819,41.5608922727,39.9405014818,38.2189328076,36.0688751347,33.7141103019,30.57584724,26.352047631,20.0165845563,20.0117106356,20.0030627241,20.0024249002
AM26.7,3,77.9294390851,76.2389621488,74.2884788096,73.0840641232,71.66127479,70.1810228396,68.6131692686,66.6534431401,64.1346320304,60.7762686797,56.453663952,49.9723368935,39.989557816,20.0242396645,20.0074574577
AM26.8,3,78.2752325197,75.1145693339,71.468368963,67.8511509671,63.616749219,59.9857129322,55.5477841609,50.0005046267,43.4534328434,34.7247365635,25.145306283,10.776546641,7.6842412113,1.5260405348,1.4147461221
AM26.10,4,90.9975749079,87.221288571,84.8636316127,82.1130548554,78.8624276755,74.9617832876,70.1943425402,64.2354615411,58.0214486729,54.5868162929,51.0654353925,45.7850324072,37.2141484621,20.0738648687,20.0636649865
AM26.11,4,76.4608909321,72.2194638296,67.4850954813,61.9619395668,56.879403556,50.7806876045,45.0743515784,37.9420154492,30.2838504069,20.073313577,20.0714081902,20.0689363085,20.065930104,20.0626067574,20.053396057
AM28.1,4,91.1510095459,88.8826480246,87.5001928889,85.8884918753,83.9841798431,81.699023181,79.4918541954,76.7336781674,73.3093262485,68.7449367164,62.4983862615,53.1308999004,42.1089393789,20.0650602098,20.0513002863
AM28.2,3,76.5802106577,74.910578718,72.9846652032,70.9053186807,68.4480280689,66.2873706996,63.7480885316,60.5910601716,56.5575712881,51.2591586262,43.8659604829,34.9266059394,20.0289195787,20.0270719534,20.0263159021
AM28.3,4,57.4390873072,56.7935648019,56.0690190145,55.2243013315,54.2260257758,53.0281065347,51.7760713527,50.2116984997,48.5690890418,46.380242758,43.7449048932,39.7927202639,33.2079317132,20.0384735081,20.0328708075
AM28.4,4,78.3443962994,75.4645644672,73.6391960105,71.5102988153,69.689059487,67.5035964474,64.832480687,61.4936346369,57.2008447476,51.4777859379,47.4753402273,41.47295889,34.3253306402,20.0324571767,20.0274044739
AM28.5,3,59.8874924641,58.3464644013,56.8459837663,55.0959498225,53.1704793786,50.8600305692,48.7062959501,46.0144343962,43.4040238178,39.9237075589,37.9308024891,34.9418455192,29.9634253165,20.0069530419,20.0001004245
AM28.6,3,64.2393772872,61.1866054451,58.1775671842,54.667033327,50.8513036512,47.7140680059,43.8803156039,40.3406153905,36.6722205194,31.7824056056,25.7368048049,22.5783130333,21.7275571168,20.0273148499,20.026875465
AM28.7,4,76.4476836663,72.2055838021,67.4704782044,61.9464489241,56.8629180289,50.7630790787,45.0551457823,37.9211955613,30.2608939064,20.0476960471,20.0463323514,20.0445999361,20.0421318126,20.0379452459,20.0256394562
AM28.8,4,224.2469098571,216.2689496501,207.0637031518,199.2904501833,190.1041046788,183.4942079635,175.4155677227,165.3234450017,152.3478943533,135.0495750974,110.8319953687,74.506143643,13.9631121209,10.9126334217,1.7736593049
AM28.9,4,82.3082578146,80.1535118305,77.6672787307,75.5600129053,73.0697124908,70.4551037672,67.3634135629,63.5354409337,58.6143199191,52.2762538823,43.4049943524,39.730304868,33.6109878028,30.2232931952,20.0606300599
AM28.10,3,72.7697323083,70.7754985216,69.4058300991,67.871080804,66.2375070281,64.2789560801,61.8858171167,58.8944214194,55.9980067843,52.1374077324,46.9168625584,39.0863574859,32.7342572199,20.030109336,20.0263062341
mw28.1,1,110.8334394739,109.5431855547,108.0554846877,106.3222043618,104.2787968372,101.839010375,98.8688542488,95.1584231439,90.3882110503,84.8671596585,78.8564752228,73.6701761012,65.558754218,55.0729211533,41.4452556472
mw28.2,2,165.8659729265,163.4662972045,160.7040252629,157.4857491495,153.6904415639,149.1450773942,143.6070015915,136.7539275259,127.9635584851,116.2860209097,99.9759705348,75.5159179691,34.749163693,31.4752255958,31.4405990417
mw28.3,3,53.1571036827,52.8656921604,52.583266556,52.2748921766,51.9389320007,51.5370491247,51.0487726286,50.5033030888,49.8050464501,48.8863553195,47.6787974704,45.9317916062,43.0320480019,37.2399307842,33.0483279297
mw28.4,2,43.5818729747,43.5402278259,43.5012505618,43.4562585265,43.4137163364,43.362669414,43.3007340904,43.224059705,43.1279466448,43.0052264056,42.8341288267,42.5786221512,42.153440605,41.3054748597,41.2832912448
mw28.5,2,73.9409325949,73.5285860282,73.0628421244,72.5204554918,71.8794826598,71.1103765834,70.1716467761,68.9984075841,67.4901021571,65.4797017938,62.6652306687,58.443801262,51.4085230084,42.9069068003,41.3734830429
mw28.6,3,59.463613305,58.910873518,58.2732837557,57.5295617673,56.6511071824,55.7068151516,54.5527471284,53.2447186932,51.6220351943,49.4878633818,46.523580401,42.0781726475,34.7247451489,31.4789981465,31.4240910685
mw28.7,4,78.9885514417,78.1888991799,77.2679216007,76.491146872,75.573849198,74.4732302455,73.1386373792,71.5201401244,69.440436629,66.8810911215,63.2988778727,57.9259422448,48.972736464,39.2267352354,37.1388759697
AM31.1,3,104.76620621,102.4783198095,99.8410263495,96.7644615608,93.1409573344,88.9873129525,83.9267418278,78.3997351073,71.9205220254,63.9860729322,54.2703152873,43.8603996611,34.6451000642,31.3329630491,31.3007334438
AM31.2,3,81.67806636,81.3976022271,81.0966257483,80.7601362952,80.3779003023,79.940306947,79.4063129478,78.7411729002,77.935225916,76.8631847859,75.3722816582,73.2015460868,69.6428616375,62.5404733613,41.2345676351
AM31.3,3,82.1240018903,81.89450121,81.6296927328,81.3241804487,80.9631204766,80.5356977107,80.0165963591,79.3696653509,78.5410778205,77.443347463,75.9104580566,73.6192543895,69.9812877189,62.7720860331,41.2247668993
AM31.4,3,59.240663388,59.0597375685,58.8512752205,58.6081470507,58.3211396449,57.9767903865,57.5559589485,57.0301768556,56.3570840165,55.8140626999,55.1574120211,54.2599294787,52.7899871602,49.8590259567,41.2717292966
AM31.5,3,121.5271020156,117.3910978778,112.6212740865,107.0564796632,101.3854569982,98.0744490072,94.8202168556,90.75284256,85.9986485901,82.7430146925,78.8655531004,73.0579566206,64.616256072,56.8794079633,41.2309209653
AM31.6,3,66.9636794318,66.1832868364,65.2830049038,64.2327628067,62.9927128589,61.6754906848,60.1096052578,58.1839220659,55.7175465275,52.4310791125,47.861454069,41.3971304447,34.6622944654,31.3480825879,31.2686661881
AM31.7,3,82.1181604538,81.8889156401,81.6244023936,81.3191527742,80.9584032239,80.5314521917,80.013024022,79.3664574178,78.5386381095,77.4415832152,75.9104042076,73.6213342565,69.9844742931,62.7736415133,41.2243265774
mw26.1,4,76.45834389,72.2167541258,67.4822677535,61.958914311,56.876214412,50.7772969427,45.0703934539,37.9376642154,30.2790745297,20.0679939394,20.0667160713,20.0651084959,20.0632807333,20.0596919634,20.0502709792
mw26.2,2,111.6601813917,107.2491426611,102.1597891246,96.2222265025,90.593164738,83.8384615408,75.6781567886,65.4782412163,57.8804738692,47.7502885557,36.6783770409,20.0710576204,20.0421015124,20.0294830518,20.0284382876
mw26.5,4,64.0147989621,62.1052872576,59.9206760391,57.3720440851,54.539124337,51.141621605,47.0136365451,41.8548207693,36.7733590496,29.9985955466,26.018900916,20.0506679626,20.0462653949,20.0388375514,20.0366639297
AM28.11,4,76.4452244286,72.2029597006,67.4677194763,61.9434684357,56.8597739686,50.7596600756,45.0512725715,37.9167774802,30.25602415,20.0420616534,20.0409639469,20.0396048931,20.0376125785,20.0344668702,20.0250367158
AM28.13,4,62.6214269981,61.0717275716,60.0887455589,59.1281105267,58.30464962,57.3169925094,56.461255183,55.3916372292,54.1398701697,52.4712741649,50.1364836192,46.6344076887,44.4360035565,40.0437499735,40.0430890244
AM28.14,3,97.2722938899,93.0607664528,88.2013334187,82.9744873542,76.797313274,70.7297983648,63.3144701971,56.993636061,48.8669827257,42.2211655082,32.9183773415,25.7543994802,13.8145599859,10.7108962315,1.4186876753
AM28.15,4,76.5779845778,74.907041333,72.9805324425,70.9011954582,68.4440459628,66.2867083203,63.7504170231,60.5942562889,56.5618988731,51.2668284008,43.8695128514,34.9323034743,20.0386956408,20.028246833,20.0006240675
AM28.16,4,75.5821199734,74.4138123142,73.1342325776,71.6506814884,69.9135262708,67.8771918437,65.3974017075,63.6186032533,61.3317577584,58.2848121686,54.4566543415,48.714675824,39.146146641,20.0095604743,20.0003655739
AM33.1,3,87.9820123499,86.3086871078,84.7687033998,83.2723772766,81.5110632399,80.2533408677,78.8550976326,77.3950722133,75.5372780116,73.1577221241,69.8312437986,65.2762169389,58.9616394815,46.3635199581,36.5797086471
AM33.2,3,48.1640922241,47.9817326588,47.7766187872,47.5579845704,47.3153312142,47.0301708817,46.702718667,46.307361172,45.8033475813,45.1341699869,44.2928866151,43.0819128409,41.1573904693,38.7112493361,37.2450959752
AM33.3,3,64.8658992322,64.0934136097,63.2022193031,62.1627697186,60.9346749189,59.4614663301,57.6619724184,55.4142805281,52.5246713129,48.6737699103,43.3329788363,36.3546985831,28.9431486958,25.0323005335,24.6053397075
mw30.1,3,55.1296175504,54.8499137695,54.5277293159,54.153309764,53.7120234883,53.1827482184,52.5371919898,51.7315446939,50.7114746115,49.7330449369,48.5151501723,46.7345522933,43.8164586122,38.0166067108,36.6501691693
mw30.2,3,57.7025903827,57.1879614096,56.5947375526,55.9029875459,55.0862154751,54.1062473374,52.9089798884,51.4154832925,49.4974979106,46.9430281969,43.4849739196,38.4664800766,30.1153839944,26.647603501,26.5522874952
AM33.4,3,120.9657527074,118.6083883587,116.1302418143,113.2525031626,110.1663117776,106.6068622763,102.3352967447,97.003525409,91.4496021856,85.3048152277,77.982708083,69.4579760367,64.4892472072,57.4497324202,36.9187504928
mw30.3,3,82.709231609,82.4092780715,82.0743922103,81.6842207962,81.2237440065,80.6715603784,79.9969797884,79.1545784967,78.0768051693,76.6487707882,74.954977104,72.5521780686,68.5860921338,60.6794657778,37.0467606843
mw30.4,2,119.1451862271,114.8903729747,109.9846979662,104.261606548,98.4289887032,94.9632000437,91.8841893393,88.4130357956,83.9580656963,80.6214443139,76.5607519419,70.4897082358,61.7449510591,53.6456040145,37.1178076818
AM33.5,3,47.9549165214,47.8235246949,47.6746876438,47.503017056,47.3007923559,47.0586174566,46.7632059876,46.3956790077,45.9251500584,45.300933078,44.4313486486,43.132157553,40.9674083539,37.0717693712,37.0393235841
mw30.5,3,127.7064277324,125.308414735,122.5446632796,119.3259943486,115.5266444772,110.9674438921,107.8224918431,104.1306034135,100.2449530816,95.0729474572,89.702637395,85.4183817453,79.264718538,67.0012158653,37.2382269289
AM33.6,3,72.2976838817,71.8847227895,71.4302527961,70.9008569628,70.2753860134,69.525259608,68.6148574814,67.479470079,66.0220172192,64.0881614692,61.3858250495,57.3467188636,50.6411015242,42.8764740554,36.66911236
mw30.6,2,66.4552707991,66.0437563006,65.5707864501,65.0248006914,64.3818530286,63.6112709054,62.6747838729,61.5062134519,60.018666042,58.6099369505,56.7287311946,55.5649866117,53.7708605305,52.7381019266,50.3227968823
AM33.7,3,47.9586884389,47.8272716975,47.6785553397,47.5068522697,47.3045925065,47.0623754757,46.7669094663,46.3993228853,45.9287125313,45.304341418,44.4346270513,43.1356767344,40.9709325697,37.0770615027,37.0445896046
AM33.8,3,110.2499397923,108.8103526617,107.1651987791,105.2635746186,103.0705704937,100.4724053194,97.3055501568,93.354507287,88.2793979423,82.661763649,76.95290342,70.7258545094,62.4789477285,51.4288705209,36.6660569466
mw30.7,3,163.867702099,161.4227863507,158.6327309847,155.4065867406,151.5976265208,147.026874257,141.443134825,134.4664450581,125.497747112,113.5460550307,96.8217254871,71.7489844773,29.9724801712,26.5418267654,26.4971323388
mw30.8,4,57.6876677013,57.5739190621,57.4429621205,57.2903071966,57.1112414271,56.9005267596,56.6436640966,56.3232486694,55.911701556,55.3637382631,54.5986337573,53.4521149339,51.555341105,47.7708835962,36.9960924789
AM33.9,3,110.2847211457,108.8452149073,107.2011904824,105.2943784379,103.1012845314,100.5034785534,97.3355503922,93.3864183196,88.3104441125,82.6952730749,76.9919732875,70.7685506144,62.520041275,51.4751884313,36.7206949391
mw30.9,2,54.2388503612,53.6311014952,52.9299028474,52.1160943437,51.1552103587,50.0095530988,48.6325120522,46.9442370415,44.8419777523,42.9557949562,40.4249123236,37.8364465049,35.8170480372,32.2131004052,23.0409202412
AM37.1,2,115.7525901241,114.5575295078,113.1786472895,111.570512166,110.4338160152,109.0698004726,107.4027138087,105.6753485502,103.9697970314,101.7256258538,101.6861040224,101.6268212752,101.6265112701,101.6258912599,101.6258912599
AM37.2,2,85.7430540184,85.5916147386,85.4881638156,85.3699002466,85.239635106,85.0854697519,84.9016813564,84.6750087888,84.3922533269,84.0235398464,84.0217803156,84.0196924453,84.0181916806,84.0151901512,84.0061855631
AM37.3,2,62.9680193249,62.9651537186,62.9623193484,62.9591796743,62.955891749,62.9537271205,62.9512460035,62.9485520735,62.9459418733,62.9437933206,62.941284688,62.9383463867,62.9345882025,62.9289439361,62.9217065274
AM37.4,2,157.5098622329,156.4654869961,155.260438646,153.8549521023,152.1939225506,150.5803565601,148.6926536405,146.3372046034,143.7783166685,141.8502255107,139.6887522932,136.4762224716,131.7910008325,128.1138577147,121.2477637614
AM37.5,2,82.3104327379,82.2695494879,82.2233706458,82.1695288601,82.1059436476,82.0296673603,81.9364431456,81.819920746,81.6701069719,81.4703558807,81.1907395815,80.7713197477,80.0723037915,78.6743590397,74.4805928132
AM37.6,2,205.197910091,203.6252355401,201.8265006443,199.7325449445,197.2674229308,194.3095991967,190.6973068256,186.1831670194,180.3827007804,172.6488102743,161.8759299247,145.7166094002,118.7847773161,117.6292745535,117.6138268161
AM37.7,2,97.2009775677,96.6996919531,96.1213673893,95.4466616245,94.6492927056,93.6924670966,92.5233039021,91.1241799433,89.3257789998,86.9286879085,84.7224604897,84.5663798496,84.3063285159,83.7867117832,83.783538339
mw35.1,2,54.0185347146,54.0149273143,54.011320414,54.0072495912,54.0029903111,53.9999815572,53.9976746843,53.9956547889,53.9934736644,53.9908165108,53.9872410734,53.9838813774,53.9797861366,53.9765011076,53.968470983
mw35.2,2,100.0541392382,99.8944266835,99.7101791224,99.495232695,99.2412181671,98.9364032969,98.5638677035,98.0982181521,97.4995682405,96.7020806196,95.5856556429,93.9111496415,91.1238751064,91.1237488122,91.1235204857
mw35.3,2,73.5013104068,73.4455670184,73.3813812718,73.3065721383,73.2183106599,73.1124926531,73.0464863178,72.9824128924,72.9070039829,72.8086294806,72.673619794,72.4771628936,72.261064877,72.0883270367,71.9993742799
mw35.4,2,134.6532767195,134.4239796529,134.159450717,133.8508359896,133.4861184093,133.0484603516,132.5135602075,131.8449451531,130.9853019313,129.839118025,128.2344622904,125.8274927767,121.8158851013,113.792673816,106.5227164668
mw35.5,2,54.015258757,54.011950204,54.0086867294,54.0052516671,54.0015569942,53.9989535149,53.9963307784,53.993465214,53.9903403805,53.9879329477,53.9848903267,53.9814050728,53.9767901134,53.9698446502,53.9612675502
mw35.6,2,65.7976122372,65.5232816608,65.2067895659,64.8376584503,64.4014674752,63.8781864881,63.2386524727,62.4396862364,61.4132816996,60.0449562203,58.1314552564,55.2637519156,54.0253124355,52.2572339075,51.8497698198
mw35.7,4,65.5048011907,65.0818801199,64.5939651912,64.0247515697,63.3520453053,62.5448029329,61.5581758143,60.3248990821,58.7392592401,58.0672958159,57.1269103074,55.7172640172,53.405226535,48.7838555884,34.9205934035
AM35.1,4,107.68631164,106.5545151718,105.2526237409,103.7344756799,101.9403851564,99.7875961601,97.1569656356,95.2156660997,92.7494077881,89.647257482,89.5951633551,89.5170221647,89.5164627679,89.5153439743,89.5153439743
AM35.2,4,90.1587721597,89.933230264,89.6773405928,89.3806300983,89.0320815808,88.6216447726,88.1276698325,87.8143826724,87.4141491011,86.8810893476,86.135916502,85.0181572337,83.1552251198,83.1536183769,83.1528936958
AM35.3,4,71.5624075044,71.5557139001,71.5480587162,71.5393355195,71.5294004814,71.5248721845,71.5197410911,71.5157627319,71.5118736364,71.5083966919,71.5047444047,71.5014871386,71.4965004156,71.4949767925,71.491142296
AM35.4,3,151.8465430027,150.3999243175,148.9337911117,147.5704800974,145.9592943533,144.0263123472,141.6637787841,139.1983658055,136.6410045625,134.5970037136,131.7613910216,127.7507543234,122.7586964531,118.8079459238,111.4004744623
AM35.5,4,129.1312769199,128.9475966405,128.7356629689,128.4884075829,128.1961991833,127.8455518374,127.4169885863,126.88128906,126.1925439079,125.283356473,124.0112846844,122.1033532894,118.9250520848,112.568570652,102.7924564452
AM35.6,4,205.9187357163,204.2143926806,202.2651728579,199.9957215498,197.3204966025,194.1136830533,190.197092056,185.3030958207,179.0142938078,170.629250791,158.9410767474,141.4108126,112.1937056876,111.9494917458,111.2308375249
AM35.7,2,91.7684248528,90.5292303299,89.2745608805,87.8108018053,86.0809101541,84.0050431634,81.6356825923,78.6740214584,75.1014492589,70.709624103,64.5612906853,63.5319215747,61.8253537872,61.8250158723,61.8243562721
AM35.8,4,58.6035094982,58.6002332002,58.5964638073,58.592076837,58.5869068294,58.5807035359,58.5731289062,58.5636684898,58.5515229109,58.5353415592,58.5127257611,58.509620136,58.5073962867,58.5037362715,58.5034582416
AM35.9,4,24.9156821183,24.8990819129,24.8800452962,24.8583751135,24.840208204,24.8302912807,24.8206622473,24.8174406962,24.8142536726,24.8105410649,24.8061279465,24.8025455145,24.7991605967,24.7970373126,24.7943157923
AM35.10,4,86.9948852164,86.7092081118,86.3804035455,85.997362485,85.5452202085,85.0032274688,84.340887499,83.514640435,82.4524154404,81.037024381,79.1390794241,78.0111575557,76.1314279362,76.129525485,76.1257748024
AM35.11,4,60.5275186995,60.4368203276,60.3326704796,60.2112264167,60.0677664208,59.8958070904,59.6857211973,59.4231283917,59.0855683685,58.6354988652,58.0068962236,57.0660500421,57.0658746366,57.065819063,57.0657798832
mw32.1,4,63.8188459938,63.8111383011,63.8025830017,63.7927055513,63.781104533,63.7763311938,63.7707490051,63.7639979787,63.7598177621,63.7561504418,63.7520980101,63.7487625905,63.743334685,63.7420423189,63.7403794338
mw32.2,4,90.3603881896,90.3583464319,90.3560203206,90.3533161223,90.3501250356,90.34630646,90.3416435554,90.335825392,90.3283499911,90.318399021,90.3044684171,90.3010778192,90.2987436363,90.2975019375,90.2947071365
mw32.3,4,71.5824501441,71.5769193206,71.5705855018,71.5632684982,71.5560098604,71.5517265262,71.5490844473,71.5473571022,71.5464444105,71.5457321552,71.545016082,71.5442204733,71.5433732565,71.5429258169,71.5426718388
mw32.4,3,161.0973938046,158.9045013767,156.3743387103,153.4225262547,149.9342011716,146.8583546807,143.1026003178,141.1436255744,139.4400414103,137.5607204416,135.469355346,132.3649528955,127.5163383177,124.4411233554,122.7014274439
mw32.5,4,63.8300651079,63.8227562529,63.8144061138,63.8047526159,63.793905913,63.7886256329,63.7826599941,63.7791349583,63.7752392389,63.7710815396,63.7671537051,63.7631768594,63.7573870502,63.755229538,63.7500503285
mw32.6,4,47.5548888328,47.3504231816,47.1152021821,46.8439480971,46.5236589535,46.1394494301,45.6699354809,45.084116453,44.3310930964,43.3279590589,41.9239357202,39.8196974534,39.1813721411,37.9073852053,34.1024594027
mw32.7,3,64.04840001,63.530893548,62.9339104711,62.2427830814,61.4260291729,60.4467707538,60.111612461,59.9324858314,59.7024882659,59.3959176908,58.966882319,58.3234071503,57.2512851521,55.1074352233,48.67776061
mw32.8,3,76.7359521702,76.676892876,76.6087512168,76.5292689634,76.4353443256,76.3226389568,76.1848997784,76.0127280011,75.7913720286,75.4962745312,75.0924833988,74.4874407427,73.4803525288,71.4682338169,65.4323439075
mw32.9,3,170.2634800348,168.1986333712,165.832387365,163.0719012503,159.8095085693,157.4759102034,154.921789014,151.7336747226,148.5009048137,144.4430464651,141.1662165198,138.7197894484,134.6863829388,127.1097122563,111.3832415059
mw32.10,3,130.6560072357,130.3258515291,129.9449026368,129.5005824005,128.9754766667,128.356621924,127.6006346692,127.1728073754,126.6229525972,125.8899136118,125.3003769337,124.416182143,122.9430339303,119.997197937,111.193333208
mw32.11,4,92.4984776712,92.3641151017,92.2091799022,92.0284541687,91.8149636631,91.5587892358,91.2457792146,90.8545273217,90.3514893816,89.6808922708,88.7423151242,87.3346515757,87.3337560116,87.3328524923,87.3318766795
mw32.12,4,77.9379519154,77.7772806961,77.5919818337,77.3758433949,77.1205970305,76.8143101873,76.4399955768,75.9721287105,75.3706420003,74.5688092894,73.4464228336,71.7629495543,71.7615000537,71.7598150574,71.7588391921
AM38.1,3,112.1223736399,110.9444714269,109.5856603182,108.0004470346,106.5934388808,104.9050484381,102.8415039921,101.0685925414,99.1416758938,96.6046211388,96.5587905984,96.4900447879,96.4897171793,96.4890619622,96.4890619622
AM38.2,3,84.9476128187,84.7928058584,84.6831510255,84.5577262954,84.4195904952,84.2598973454,84.0672734533,83.8298160847,83.5364377085,83.1577408804,83.156443948,83.1555122619,83.1541811174,83.1541811174,83.1541811174
AM38.3,3,61.8332809054,61.8258749216,61.8178114503,61.8087105768,61.7982847808,61.793482278,61.7880395291,61.7812483907,61.7752927592,61.7716750029,61.7669024033,61.7635714714,61.7592720467,61.7515666677,61.7438864365
AM38.4,3,129.8514757798,129.7234045704,129.575648446,129.4032925088,129.1996128944,128.9551988958,128.656473277,128.2830684148,127.8029769584,127.1628730905,126.2667296705,124.9225227635,122.6822124795,118.2016120303,108.8840430247
AM38.5,3,58.5162959097,58.515338072,58.5142536041,58.5141007754,58.5140241467,58.513955783,58.5138924435,58.5138269653,58.5137727941,58.5137343656,58.513692862,58.513661246,58.5136111204,58.5135826167,58.5135785211
AM38.6,3,40.7974241392,40.5805191053,40.3336097334,40.0465116027,39.7096434182,39.3054092768,38.8121085921,38.1957129964,37.4038995053,36.3493473831,34.8735338365,32.6604916435,28.9727804559,25.8393408985,24.9985886486
AM38.7,3,83.5656697546,83.5602337481,83.5543169348,83.5476293303,83.5399771441,83.536518056,83.5326033371,83.5277187133,83.5234786631,83.5208304189,83.517222359,83.5147653272,83.5116066389,83.505938566,83.5002250429
AM38.8,4,75.2782306747,74.7479919404,74.5216659662,74.2591494353,73.9496346838,73.5785873724,73.1251972075,72.5592014079,71.8320646706,70.8631692516,69.5069711241,67.4727735742,67.4725707911,67.472524962,67.4724535952
AM38.9,4,17.0981921926,14.8252219618,12.2028252979,9.1434766266,5.5279168563,1.1893041114,1.1569805283,1.1423823243,1.124594328,1.1166850978,1.1122275643,1.1073787821,1.1001927803,1.0908478822,1.0634140915
AM38.10,4,204.269992808,202.6518700506,200.8012571981,198.6467848409,196.1086773637,193.0648398,189.3473931004,184.7023981058,178.7336485395,170.775386209,159.6881802778,143.059291206,115.3444760865,114.5642931895,114.5571874976
AM38.11,4,212.5645608254,211.8063807814,210.9475110395,209.9501679757,208.7804132734,207.3775349484,205.6656097431,203.5277235444,200.7822382444,197.1216950851,192.0542484441,184.4549549457,171.7894657816,171.2636604512,171.2589705815
AM38.12,4,52.7041693291,52.6951205698,52.6850926826,52.673453638,52.6603115692,52.6539428994,52.6466562459,52.6423071194,52.6377221426,52.6330008703,52.6277320574,52.6230489266,52.6164728369,52.6134409502,52.6059433997
mw37.1,2,59.2689077049,59.0760838268,58.8540064712,58.5950020326,58.2899887515,57.9246321888,57.478379692,56.9213110224,56.2054094897,55.2510538316,53.9150010715,51.917222481,50.4728573899,50.0383502781,49.6459894464
mw37.2,4,64.3339600251,63.9019005497,63.4033736422,62.8217635825,62.1344363664,61.3096478033,60.301573353,59.041480514,57.4213614343,56.7244449684,55.7490962066,54.2866843706,51.8939807017,47.1115631847,32.764982297
mw37.3,2,77.3429417263,77.3282320497,77.3124047751,77.2939984015,77.272272991,77.2462300313,77.2144043205,77.1746273182,77.1235073581,77.0553478981,76.9599391931,76.8168400879,76.5783647289,76.1014802913,74.6709142731
mw37.4,2,170.8760850335,169.0889203615,167.0515967129,164.6747191228,161.8667581128,159.3889307587,157.3198364849,154.9207576045,151.9143228667,147.9110693844,144.541202794,142.1665746221,138.7968016953,132.1167543086,116.9824614399
mw37.5,3,130.6974523358,130.4779756157,130.2271388318,129.9742740111,129.7529917738,129.509237195,129.2389678498,128.9131457274,128.4947340491,128.1556063031,127.682659463,126.9789464975,125.8092502278,123.5728359891,116.8671809303
mw37.6,2,87.2627814255,87.2623586992,87.261908717,87.2615243622,87.2611260252,87.2606568519,87.2600840575,87.2596433539,87.2591697232,87.2586933363,87.2583883424,87.2580295502,87.2574473833,87.2571367032,87.2568462423
mw37.7,4,71.6484088976,71.6479594173,71.647477862,71.6469230991,71.6464773911,71.6462166088,71.6459443946,71.6456074624,71.6452183071,71.6447961271,71.6443180099,71.6436636523,71.6428298783,71.6412518068,71.6412366259
mw37.12,3,162.8212319682,160.7516428933,158.3636569278,155.5776741764,152.2851494405,149.8870840921,146.9598851126,144.9789563495,143.2279833672,141.272435462,139.2742838085,136.7227331786,132.5134358323,129.5523914471,127.8812558797
AM40.1,3,102.0880881533,98.3973268545,94.1387892179,89.2387120608,83.4477337505,77.823750036,70.9510508734,65.2518583165,57.9244563972,52.2220086072,44.2408505662,38.7076161486,29.4877027707,28.3000605759,24.7687199445
AM40.2,3,78.0736747279,76.2977181602,74.3980813262,72.1824544694,69.6868777859,68.1396373546,66.3519993653,64.1174833937,61.2941107875,57.6057011319,52.4491502506,44.7169950772,31.8443929216,31.8408702838,31.8311812644
AM40.3,4,58.0069504647,57.7087846488,57.3728319396,56.9811832251,56.5221801377,55.971614659,55.2996565724,54.4611045153,53.3830775822,51.9457814286,49.9336022788,46.9176169129,41.8959099106,31.8596930712,31.8443959701
AM40.4,4,82.9999790713,80.2699089211,78.5803760223,76.609533265,74.9521153634,72.9632541592,70.5325224199,67.4943124082,63.5880619552,58.3809109859,54.923974385,49.7406535115,43.7800809458,31.8644598502,31.8577791941
AM40.5,3,101.1209771123,98.0059639766,95.7487033805,93.1157362651,91.4868155338,89.5325045599,87.4323189436,86.7424421706,85.8555182354,84.673108568,83.0180861763,80.5355861137,76.4005614475,72.3794809296,60.3239186652
AM40.6,3,226.7988870666,218.9383119562,209.8685716251,202.244325552,193.2340594617,187.0900072228,179.5807189478,170.1993145493,158.1375367428,142.0567337049,119.5436504905,85.7742011063,29.4918767421,28.3111323225,24.7922424657
AM40.7,4,85.9434533101,84.2525707738,82.3022851777,80.3365007306,78.0141335341,75.5895435385,72.7286601561,69.1860912822,64.6327955018,58.7772148157,50.5821426128,47.4369065709,42.2034463872,39.6213464965,31.8767143934
AM40.8,3,73.8491984646,71.7181053859,70.2165264841,69.0757427913,67.8943308039,66.4771436525,64.8055827428,62.7261200133,60.0526350869,56.5083696159,52.9116622118,47.5208025916,42.2988566908,31.8552538196,31.8536400421
AM40.9,3,77.6062424873,77.0249928561,76.3720781582,75.6262581464,74.7655235891,73.7334934366,72.4723921172,70.8991665099,68.8786013646,67.1551612889,64.7460447697,62.9635341162,62.6026301566,61.8900673234,61.8410020409
AM40.10,3,83.7258052251,83.718391344,83.7112461404,83.7031532958,83.6997626287,83.6958740816,83.6947911664,83.6934761341,83.6924534533,83.691118241,83.6894251675,83.6869190281,83.6829260394,83.6780340603,83.6737191147
mw40.1,3,79.5089459134,78.1258636495,76.7573980904,75.1609116688,73.280624611,71.580960732,69.5046036795,68.1078450298,66.3129591845,65.0928415399,63.387204779,62.066001819,59.8689862324,58.7063515097,55.2198018234
mw40.2,1,47.2790293286,46.8734163309,46.4093201513,45.8680808956,45.2291925787,44.4631203238,43.5269037391,42.3567983683,40.8524124248,38.8486781153,36.0463952018,31.8460543806,31.8415368127,31.8339542026,31.8328455202
mw40.3,1,82.5217876183,80.9472775374,79.1307190094,78.046927211,76.7670762575,75.4502653194,74.0717522893,72.3487765432,70.1347233897,67.1828141105,63.4122114033,57.7600313114,49.1240757193,31.8549237049,31.8386888276
mw40.4,3,73.4897090348,73.1557219525,72.7704047063,72.3214621697,71.7913968216,71.1564682778,70.4137101627,69.5543143639,68.4494115118,66.9769716087,65.9942842464,64.5225477673,62.4894613799,58.4290767705,58.4285460843
mw40.5,4,101.9408536384,99.9349148596,98.599272109,97.041094398,95.2619905771,93.2039381088,90.6945804942,88.3985263234,86.2569702374,85.2239531187,83.7799705015,82.1212546262,79.3600924098,77.2389149806,77.2303012938
mw40.6,4,66.7080288037,64.0252906277,61.0025657673,57.476759933,53.6316095679,51.2198468041,48.2811453445,44.7762751663,42.5515851537,39.5881627725,35.9905741667,33.571617673,32.992034798,31.8595120946,31.83884876
mw40.7,3,265.4974226667,262.6863841232,259.4428915139,255.6588560043,251.1868352253,246.6472836168,241.098956863,234.1635833165,225.2467528801,213.3576517136,196.7133485284,171.967421023,130.7249641261,130.4699505091,129.7103276415
mw40.8,4,79.9326642798,77.2094836897,74.9272730571,72.2688322409,69.6401271098,66.4862114073,64.8556786214,62.8245342848,62.1182568265,61.1872397101,61.1825346884,61.1759513945,61.1665074293,61.1506729584,61.1042719555
mw40.9,4,47.2840242327,46.8786584941,46.4146409779,45.8735831569,45.2350163845,44.4694257095,43.5338697238,42.3644562463,40.8616761868,38.8588829967,36.059471943,31.8648478541,31.8598080258,31.8519052547,31.850618927
mw40.10,3,74.5601981212,73.9329674135,73.3117795045,72.8790977165,72.3899704823,71.8195481096,71.1562581759,70.3273618726,69.2620391864,67.8473907744,65.8691243921,63.764343532,60.2584454979,56.654508146,56.6027037587
AM42.1,4,112.1287636007,110.9514581202,109.5930482024,108.0086868173,106.6032966933,104.9168324755,102.8556300223,101.0818471328,99.1505828374,96.6099029891,96.5601142274,96.485431085,96.4846172259,96.4829895079,96.4829895079
AM42.2,4,81.3506759089,81.3500678126,81.3493763679,81.3492484653,81.349189231,81.3491385742,81.3490803704,81.3490262552,81.3490022555,81.3489831886,81.3489702005,81.348952384,81.3489459843,81.348933922,81.3489293373
AM42.3,4,84.9657698272,84.8091492324,84.6984415831,84.5717449267,84.4324089757,84.2709381953,84.0762476227,83.8364165358,83.5397894369,83.156857945,83.1525714137,83.1507062538,83.1492099272,83.1492099272,83.1492099272
AM42.4,4,61.8422166325,61.8344335452,61.8256546061,61.8154514638,61.8035942506,61.7985762393,61.7928880146,61.786471044,61.7820743404,61.7782799491,61.7739464521,61.7705724096,61.7649497324,61.7631870272,61.7604524106
AM42.5,4,154.7983400701,153.7717133818,152.5871441261,151.2058694233,149.5734538656,147.7828080056,145.598254814,143.1277393023,140.5482191337,138.6159383539,136.2647120075,132.771887646,127.9596795001,124.1696992576,117.0787846886
AM42.6,4,77.9509016818,77.9449142412,77.9381490601,77.9303022525,77.9211586454,77.9175470121,77.9132128015,77.9081051638,77.9052250654,77.9020820629,77.8995848839,77.8968885382,77.8924661054,77.8911295271,77.8891337907
AM42.7,4,129.8502669541,129.7224558125,129.5750344244,129.4030538201,129.1998094932,128.9559593512,128.6579278708,128.2853888109,127.8064106244,127.1677732873,126.273691048,124.9325717039,122.6973781839,118.2270052651,108.9142413867
AM42.8,4,204.2845749556,202.6649855632,200.8147195865,198.6605956073,196.1210680299,193.0783901154,189.3626960156,184.7194554819,178.7534657449,170.7988321854,159.7114972994,143.0826122034,115.3678037101,114.5912928329,114.5840283765
AM42.9,4,94.2943672423,93.6367061371,92.8779402675,91.9927216931,90.946561243,89.6911879037,88.157151801,86.302368609,83.9181016379,80.7398670421,77.4465147566,77.4261143074,77.3984584598,77.398194703,77.3976723326
AM42.10,4,58.5059916898,58.5052641086,58.5044366606,58.5042325628,58.5041282746,58.504032797,58.5039290436,58.5038813144,58.5038587788,58.5038370004,58.5038154707,58.5037941541,58.5037765414,58.50376081,58.503750901
AM42.11,4,40.800358833,40.5802246752,40.3318159588,40.0454246698,39.7083838181,39.3053123961,38.813718489,38.1995347407,37.4100231029,36.3582761634,34.8860815306,32.6783476807,29.0004384584,25.8889175061,25.1333819165
AM42.12,4,83.5711932075,83.5654323263,83.5589319106,83.5514475673,83.5426332858,83.5389524536,83.5346147704,83.5295666944,83.5265153582,83.5237385387,83.5207880961,83.518271407,83.5142644597,83.5131180801,83.5118805374
mw42.1,2,75.2586816776,74.7265345329,74.4989984693,74.2346580523,73.9223737729,73.5476951673,73.0899420535,72.5186170541,71.784554668,70.8058266794,69.4361137259,67.3830064715,67.3829608263,67.3829408431,67.3829283986
mw42.2,4,52.6896463423,52.6802437194,52.6696433246,52.6573151247,52.6433009972,52.6356295196,52.6287055274,52.6206479893,52.6157475166,52.6115920082,52.6066062626,52.6025425098,52.5966757522,52.5952884021,52.5947499357
mw42.3,4,95.8709220857,95.7690622623,95.651558144,95.5145047455,95.3525443073,95.158192051,94.9207263935,94.6239248936,94.2519662735,93.7576166069,93.0659326979,92.0284232849,90.3016359119,90.3015391872,90.3013938877
mw42.4,4,72.9741714593,72.9515895085,72.9255845501,72.8953248669,72.8596402002,72.8175329723,72.7664443139,72.7030158256,72.6215105535,72.5128390248,72.3607210513,72.1325523986,72.035003409,71.9249876162,71.657315476
mw42.5,4,16.4816810986,14.1642941488,11.4904527881,8.3709787184,4.6843390505,0.2611134949,0.1786557683,0.1605009553,0.1390715771,0.110980673,0.0896575107,0.0755066299,0.0625484238,0.0488268025,0.0336197858
mw42.6,4,170.8941088613,169.1082052887,167.0697111445,164.6922752407,161.8825782634,159.4040201838,157.3359875215,154.9376055087,151.9322904284,147.9308214331,144.5627167172,142.1867718405,138.8109652536,132.1261703497,117.0006109433
mw42.7,4,212.5829699404,211.8224818474,210.9639215559,209.966838515,208.7947440332,207.3932171333,205.68343078,203.5475706947,200.8054268295,197.1492571432,192.0804032055,184.4792865107,171.8107586861,171.2883449872,171.2834967337
mw42.8,4,162.8231603944,160.7538996529,158.366292104,155.5807509182,152.2887482077,149.8913457025,146.9649638081,144.9844361161,143.2310780874,141.275692265,139.2764425394,136.7232227933,132.5133620518,129.5510768624,127.8838339717
mw42.9,4,52.6945373692,52.6854120203,52.6750518205,52.6631059874,52.6490369488,52.6432401451,52.6365074543,52.6283016853,52.6232067837,52.618777085,52.6137864798,52.6097618292,52.6032976076,52.6015639402,52.5992452977
mw42.10,4,59.2392835967,59.0442460563,58.8225226308,58.5638565278,58.2595780508,57.8953142582,57.450111003,56.8938316155,56.1787191025,55.2254058332,53.8918015753,51.8924659856,50.4502351823,50.050804254,49.5887572412
mw42.11,4,64.327444157,63.8950100707,63.3961176753,62.8140982619,62.1262644017,61.3008787259,60.2921604948,59.0314628168,57.4105776069,56.7133490344,55.7373995929,54.2739390841,51.8827561581,47.1041564857,32.7685212126
mw42.12,4,77.3134005985,77.2996448991,77.284286126,77.266459476,77.2454105247,77.2201594848,77.1893725167,77.1509043617,77.1014457907,77.0355024654,76.943182601,76.8047221338,76.5739606332,76.112454206,74.7279762422
AM44.1,4,108.5367155078,107.4240985071,106.1443482382,104.6520288026,102.8884159125,100.7721772303,98.1862716252,96.1358199075,93.5288383454,90.4489059535,90.3966153817,90.3181795239,90.3174267559,90.3159212199,90.3159212199
AM44.2,4,82.3000624394,82.2977155247,82.2950110022,82.2918705974,82.2881669133,82.2837228765,82.2782917458,82.2715096893,82.2627994648,82.251208822,82.234982147,82.2330258898,82.2317428218,82.2292061784,82.2290168336
AM44.3,4,94.5959530872,94.3120655514,93.9885593678,93.6127721887,93.1708196201,92.6477094517,92.0156220857,91.5133310205,90.869906532,90.0125920863,88.8133937076,87.0145961394,84.0166001924,84.0147445308,84.0142234096
AM44.4,4,75.391742083,75.2203213693,75.2082797175,75.2003034415,75.1913414127,75.1891162345,75.187836177,75.1864887731,75.1851405992,75.1836890987,75.1817292373,75.1790073227,75.1749948372,75.1748860523,75.1746160561
AM44.5,4,152.6391377993,151.0221125998,149.5713744198,148.2247782546,146.633346423,144.7244391407,142.3913302402,139.9613871716,137.4458250221,135.2945367721,132.3097720695,128.313504784,123.3416306808,119.4083648363,112.0340566423
AM44.6,4,91.5457041062,91.5407077497,91.5349789749,91.5283326577,91.5206251048,91.5174807606,91.513954811,91.5098245979,91.5073390342,91.5045638766,91.5024951952,91.5001601064,91.4962873145,91.4952353458,91.4929919575
AM44.7,4,129.6899467723,129.5072023925,129.2963472413,129.0503497333,128.7596265839,128.4107609573,127.9843729321,127.4513979967,126.7661473729,125.8617704312,124.5963775135,122.6983145438,119.5363873075,113.2126478279,103.4905391527
AM44.8,4,207.9723799242,206.257424023,204.296958186,202.014101172,199.3221621147,196.0967655755,192.1577030546,187.2351434548,180.909981072,172.4764462084,160.717215986,143.080464106,113.6858776393,113.2313627994,111.8823889535
AM44.9,2,91.6242079082,90.4914024822,89.1843211041,87.6594002232,85.8572299728,83.6946271933,81.0517652938,78.2683254376,74.6896744734,70.349734453,64.2740464878,62.9147052165,60.6519320083,60.6515945869,60.6509280795
AM44.10,4,59.8193132007,59.8160808873,59.812358825,59.8080334036,59.8029279772,59.7968031939,59.789324512,59.7799767201,59.7679656948,59.7519795238,59.7296169325,59.7269963289,59.7251697694,59.7219174278,59.7216580909
AM44.11,4,27.5624812264,27.5606464172,27.5598256118,27.558887548,27.5579693742,27.5572876535,27.5564592805,27.5556429313,27.5546406633,27.5535361513,27.5520187193,27.5501418351,27.549488227,27.5482440204,27.5449524215
AM44.12,2,90.102873533,89.6561508634,89.1427556073,88.5443095129,87.8371216164,86.9894781772,85.9536849227,84.6594326671,83.7152454464,82.4630072783,80.7099152938,79.3515602238,77.0877535959,77.082002295,77.0791296147
mw44.1,4,58.1971864694,58.192533056,58.1887344933,58.1867490031,58.1853115038,58.1838032498,58.1830335635,58.182196286,58.1815461277,58.180895166,58.1799854186,58.1786303393,58.1765984597,58.1725366373,58.1682011764
mw44.2,4,71.276773117,71.2698805043,71.2621401327,71.2531628575,71.2427741124,71.2378957293,71.2327391167,71.2267280594,71.2230326341,71.2198965199,71.2161649147,71.2132064328,71.2086778738,71.2074182377,71.2067760961
mw44.3,4,91.1575224592,91.1553177403,91.1528536624,91.1500093096,91.1467089281,91.1427923617,91.1380701097,91.132189515,91.1246420816,91.114705582,91.1008888403,91.0983154738,91.0968867323,91.0952586579,91.0921558041
mw44.4,4,72.5454077461,72.5447820941,72.5444378748,72.5441532284,72.5438358939,72.5435327903,72.5432670957,72.5430190208,72.5427142379,72.5424064847,72.5419922462,72.541409482,72.5406001782,72.540440455,72.5403543936
mw44.5,4,49.0889883701,48.3541731778,48.2223600478,48.1608841686,48.0883806889,48.0014887612,48.0004460713,48.0002679186,48.0001875557,48.0001651375,48.0001442115,48.000132339,48.000113758,48.000084784,48.0000396013
mw44.6,4,171.7124863566,169.5711664031,167.1210181227,164.2633249524,160.8860512057,158.6190149821,155.8589831926,152.4130551741,149.2214967042,145.2193660314,142.0146528865,139.4372491218,135.1862934467,127.6355868174,111.9778906611
mw44.7,4,216.4489096044,215.6001703145,214.6392684339,213.5227060879,212.2093232109,210.6380339539,208.720687464,206.3253669963,203.2495397354,199.1484581041,193.4557302657,184.918745944,170.6904387411,170.3883609453,169.4918397028
mw44.8,4,162.0405903978,159.8884255487,157.4051651573,154.5082849495,151.0847114915,147.8201295917,143.8337301943,141.9090261976,140.2458544111,138.4200917754,136.2060924481,132.9192561454,128.0873126974,125.0247198546,123.2971947595
mw44.9,4,71.2765404362,71.2696469974,71.2618807709,71.2528421454,71.2424570323,71.2372798188,71.2321346173,71.2261466512,71.2224821294,71.2193510949,71.215665937,71.2126734015,71.2082045569,71.2071003089,71.2068574774
mw44.10,4,47.603671834,47.306377103,46.9634284436,46.5633430404,46.0905840315,45.5233467231,44.830073928,43.9635919405,42.8500088554,41.3652617067,39.286692064,36.1704057825,36.166302229,36.1597974093,36.1529203581
mw44.11,4,67.4959163025,66.7403223175,65.8685773853,64.8593949273,63.6671752061,62.236549394,62.1803013204,62.1103300021,62.0203957296,61.9004862054,61.7326581922,61.4810074517,61.0622081838,60.2250660038,58.1088997656
mw44.12,4,77.6977588066,77.6383849895,77.5698784854,77.4899564163,77.3955033643,77.2821604017,77.1436326509,76.9704732993,76.7478538863,76.451048435,76.0544759174,75.4609656317,74.4721728667,72.4978704285,66.5752744611
mw44.13,3,131.1856312202,130.638715207,130.0079272363,129.524428248,128.9530203527,128.2675487905,127.4297502145,127.1839606361,126.8680204687,126.44721892,125.8582270301,124.9815359031,123.5208408085,120.5998585794,111.8411724197
mw44.14,4,96.5282428084,96.3105425803,96.059448817,95.7665851221,95.4205068694,95.0052253689,94.497721568,93.8633555184,93.0477529956,91.9605384005,90.4384471926,88.1555956635,88.1542814962,88.1526457376,88.1518747293
mw44.15,3,82.5968903894,82.3362170777,82.0354607342,81.6846077606,81.2699742257,80.7724141833,80.1643808679,79.4044592208,78.4277595568,77.156829519,75.3790676908,72.7127249731,72.7103839098,72.707160846,72.7067867864
mw47.1,2,54.8806679267,54.5549494658,54.1875703295,53.7959589842,53.3333812072,52.7826067217,52.1584025605,51.387278678,50.4157283076,49.3507443978,48.0391164972,46.3548137201,43.5711680476,38.0386289258,36.9207835736
mw47.2,4,57.3239382886,56.7998596953,56.1970925278,55.4957475437,54.6716108145,53.6882978968,52.4885446207,50.9963515696,49.082770678,46.5502842546,43.0048032618,37.7996277237,29.1340176628,25.0214585295,24.9843045156
mw47.3,2,82.8908516549,82.5582210168,82.1765381126,81.73870816,81.2580154222,80.6820786781,79.9796811662,79.1535714908,78.0939630642,76.712780874,74.9166858051,72.3558994711,68.4051372767,60.5556404935,37.0711405742
mw47.4,2,118.9420440542,114.7124453098,109.8321390663,104.1392346783,98.2900996577,94.7816960594,91.6796662283,88.190779304,83.7113331593,80.3466443032,76.3873023022,70.4542233247,61.7223648212,53.5682470144,36.9116624051
mw47.5,4,127.2906112433,124.8849344501,122.1254737102,118.9208152824,115.1356413184,110.5934325617,107.3993127631,103.6726177926,99.7595557376,94.5461388952,89.0988712648,84.7305753938,78.6355739007,66.4527244508,36.4527878617
mw47.6,2,66.1392911024,65.7328115061,65.2639362844,64.7176006356,64.0723551806,63.2984834947,62.3528209669,61.1741598484,59.6698751955,58.3578749908,56.5456084218,55.3340154994,53.4034315794,52.733893465,50.9392705108
mw47.7,4,164.9621591101,162.4974074831,159.6753773595,156.3903925397,152.5683793554,147.997678508,142.5469147072,135.7334599561,126.9769268044,115.3211305532,99.0088173579,74.5757218124,33.9058355621,29.7619087502,29.7162261448
mw47.8,2,57.427070198,57.3126354631,57.1808304218,57.0276251991,56.8509715719,56.6393589976,56.3810782395,56.0654283328,55.6667455002,55.1354413387,54.4184333062,53.3432739632,51.5513417249,47.9765923932,37.2703757719
mw47.9,3,54.3324000179,53.7625572907,53.1076363326,52.3499631629,51.4549118835,50.3925369471,49.110749428,47.508515029,45.4484993733,43.7299469173,41.40632319,38.9444165505,37.4096813455,34.5367095912,26.3028160452
mw47.10,3,83.8621653445,83.5824858428,83.2602214582,82.8864635892,82.4480295472,81.9219086968,81.2820331303,80.485592814,79.4696226302,78.1254640081,76.3363807588,73.7041475926,69.3238822709,60.6420043397,36.1054288677
mw47.11,3,78.5864508397,78.0494844061,77.4320731306,76.7603287141,75.9671963616,75.0479051488,73.9574025003,72.6601960161,70.995396961,68.9749558664,66.1831803594,62.0262744955,58.9296470398,53.4260993018,39.0584492726
AM48.1,3,87.8789756208,86.1972105111,84.6677166402,83.0973643253,81.2516319769,79.9902246417,78.5161802226,77.1025405389,75.288426324,72.8891920761,69.5322198393,64.9437594853,58.7390880943,46.3304117861,37.1831436908
AM48.2,4,48.6105410102,48.3806371363,48.1332483201,47.8449905277,47.5381091888,47.176165083,46.7527644164,46.2290305053,45.5779641369,44.7920707534,43.7696076231,42.5149332924,40.4278277815,37.8278178327,36.2631180873
AM48.3,3,65.1427952336,64.3831152521,63.5072709457,62.4859278757,61.2867452603,59.8502272757,58.0986109625,55.9164963338,53.1165778608,49.4060099377,44.2112148453,37.3287098556,30.0127345076,26.2083016317,25.5519064629
AM48.4,3,121.2315120372,118.891589209,116.3747477641,113.4747076242,110.4069512529,106.7721721357,102.5732913701,97.3262690744,91.7022232355,85.5628962282,78.2863823565,69.7893749877,64.7293315849,57.7153230197,37.4066266369
AM48.5,4,47.0721143271,46.9510936009,46.8115671391,46.648891792,46.4571672482,46.2271176016,45.9475145262,45.5987725807,45.1514140066,44.5558738065,43.7221599577,42.4736567511,40.3930514639,36.2389595043,36.2328883185
AM48.6,3,71.9968869478,71.6125289278,71.1757745894,70.6670048932,70.0660216622,69.3457442452,68.4657593811,67.3698855549,65.9673568207,64.0973384512,61.4796466477,57.5555067233,51.0315905929,43.6564117158,37.498783338
AM48.7,3,47.0450330918,46.9239588496,46.7843412238,46.6216368725,46.4293704361,46.1989977934,45.9176450391,45.5661873389,45.114523428,44.5126010092,43.6707882154,42.4081071846,40.3123194515,36.1220134555,36.1214236432
AM48.8,3,110.8840873504,109.481313278,107.867235572,105.9925944083,103.8055129178,101.2201753653,98.1321496278,94.2832041897,89.3472029888,83.7996311051,78.0602463221,71.9864659365,63.5268112218,52.7731331081,38.7133905752
AM48.9,3,110.2361344969,108.8132628745,107.1755915202,105.2709443747,103.0704305283,100.4713038919,97.3441027314,93.438517686,88.4209477181,82.8162337696,77.0447802452,70.8684233643,62.3795030635,51.3928009224,36.8422782538
AM48.10,3,148.110161931,147.8207171682,147.5102650356,147.156879002,146.8010535916,146.3944808604,145.9692263411,145.5125158012,144.9253165357,144.1470351679,143.0744904664,141.4775195969,138.8510483887,137.83867626,137.8349864801
AM48.11,4,103.3473140372,100.9028892403,98.102491171,94.8368314974,90.9774155195,86.7572208812,81.607176052,75.5891852934,68.4724039328,60.2367618989,49.4111031111,38.2984592012,28.1498855841,24.1386208777,24.0934358133
AM50.1,3,81.3590971067,81.3582776225,81.3573503459,81.3572672614,81.3571771415,81.3571451903,81.3571130379,81.3570798543,81.3570528598,81.357017623,81.3569756185,81.3569258991,81.3568799928,81.3568299219,81.3568106165
AM50.2,3,154.7803006546,153.7526772059,152.5669578421,151.1837304506,149.5490071698,147.7577398151,145.572187558,143.10080231,140.5203906816,138.5882985105,136.2399982841,132.7494731652,127.937516684,124.1476938091,117.0585113055
AM50.3,4,77.9627111026,77.9566469729,77.9499002891,77.9422908963,77.9335427953,77.9291487022,77.9241152259,77.9210402879,77.9192868599,77.9173202417,77.9146719798,77.9109706474,77.9097016099,77.9075483856,77.9017101213
AM50.5,3,52.6805058451,52.6717477075,52.6621008405,52.6509598426,52.6384148586,52.6329834571,52.6268389057,52.6191742312,52.6124107962,52.606319946,52.6006438382,52.5970185489,52.5920558097,52.5837810883,52.5758873765
AM50.6,3,95.8572718164,95.7571127805,95.6415606275,95.5067634134,95.3474682727,95.1563214357,94.9227113355,94.6307001909,94.2585853507,93.7650893415,93.0743742469,92.0395851693,90.3153327116,90.3151490115,90.3148789409
AM50.7,3,72.9681518086,72.9453447948,72.9192014861,72.8888454147,72.8530820489,72.8102216625,72.7578721046,72.6924495441,72.6083412356,72.4961981127,72.3392543411,72.1038586554,72.0134782242,71.9020008087,71.6088335417
AM51.1,3,204.0946777123,202.482763703,200.6300482489,198.4731176545,195.9305256026,192.8804515995,189.1531779106,184.4948222026,178.5059427979,170.5363697058,159.4356998681,142.7945905704,115.0594084074,114.2603099914,114.2497739923
AM51.2,3,154.6544340791,153.6173009913,152.4206089669,151.0246859623,149.374958775,147.5862175148,145.4032196312,142.9300756653,140.3238614225,138.3879793833,136.0415854882,132.5527254923,127.7348592963,123.9373039644,116.8328183477
AM51.3,2,154.714449025,153.6760501165,152.4778975297,151.0810083741,149.430139372,147.6412483951,145.4584866932,142.9872310186,140.3802969299,138.4469980768,136.0990008758,132.6069698062,127.7909102105,123.9975885875,116.9029640528
AM51.4,3,170.7934209916,169.0048571077,166.9619354227,164.5827430468,161.7709702388,159.2828475732,157.2124874522,154.8113023754,151.8073850589,147.807777808,144.4367305028,142.0598776749,138.6829867033,131.9927961799,116.8481232692
AM51.5,3,151.2867935999,150.2236960639,148.9984433114,147.569064933,145.9130615326,143.9316886999,141.5100107933,139.763926276,137.518960468,134.5258039232,130.3353847605,124.4515377029,115.2713400835,114.4646900374,114.381397585
mw49.3,4,151.3776037016,150.3146179785,149.0906526245,147.6627321986,146.0082438074,144.0239272831,141.5986515312,139.8635955403,137.6328092663,134.6597786339,130.4975357485,124.6216874066,115.4564209445,114.6522999304,114.5641225373
mw49.4,2,74.8028117682,74.4726299874,74.0921227668,73.6483977748,73.1240867074,72.4951052555,71.7266432222,70.7665001127,69.5342374483,68.6126488484,68.0577210597,67.3704306833,66.8688008216,65.9755729337,65.8953902353
mw49.5,2,69.5196129683,69.3265465697,69.1042729526,68.845262699,68.5392116967,68.172664196,67.7250682227,67.1656992202,66.4466483128,65.487957412,64.1465370843,62.1396249288,60.3914953405,58.9528216236,55.2984689229
mw49.6,2,80.5872976985,80.0678569662,79.4686754624,79.3660124727,79.2454671775,79.1016906303,78.9269947711,78.7094780129,78.4298759852,78.0571091649,77.5356381034,76.7549399023,75.4572732973,74.9904382466,73.6151922582
mw51.1,3,133.3693202972,133.0855709852,132.7581729464,132.3762104604,131.9248032067,131.3831206844,130.7210656351,129.8935019563,128.8294977323,127.4108335343,125.4247161347,122.4455434265,117.9968355124,109.2163721923,101.7270579038
mw51.4,2,46.923478599,46.9219402074,46.9201955703,46.9200480354,46.9198952571,46.9198299117,46.9197838573,46.9197439887,46.9196936083,46.9196393368,46.9195688233,46.9194892026,46.9194070137,46.9193019352,46.9192544298
mw51.5,2,58.5766290859,58.5764530961,58.5762754741,58.5761123138,58.576006952,58.5758856601,58.5757545617,58.5756505193,58.5755632334,58.5754620703,58.5753777136,58.5752551894,58.5751715866,58.5750053135,58.5745890605
mw52.1,4,72.6501420609,72.6493169579,72.6486319493,72.6480993351,72.64747279,72.646758169,72.6458918357,72.6449235302,72.6437362164,72.6424256565,72.6413366722,72.6401848578,72.6384806307,72.6376521298,72.6373775459
mw52.7,4,153.5153043323,152.5759983819,151.4948015217,150.2334237783,148.7745054655,147.0260906162,144.8891391338,143.1639230504,140.945788086,137.9896326915,133.8510151393,128.0114011505,118.893521405,117.7128672461,117.6267494418
mw52.8,2,78.3551307982,77.8412623723,77.2486850459,76.5577963862,75.7416847391,74.7623624913,73.5655177278,72.0702740811,70.1493899841,69.1690199648,68.5051400956,67.6731639369,66.9781512055,65.684494778,65.6339808909
mw52.9,2,75.2341934615,74.9705265294,74.6668445184,74.3126657607,73.8941240958,73.3925507689,72.7801061406,72.0145675295,71.0304445404,69.7187799736,67.8854892119,65.1365587805,64.0216504483,63.8065868655,63.7868531041
mw52.10,2,85.3322377923,85.0517334781,84.7674745728,84.6028465649,84.4098641805,84.1788512626,83.8969399528,83.5455485152,83.0937787207,82.491646858,81.648833569,80.3863654115,78.2855657406,77.3346912695,77.322920244
mw52.12,2,68.9515347946,68.9483236646,68.9448131449,68.9411928689,68.9370615141,68.9326982539,68.9301921446,68.9282370318,68.9265794353,68.9247506903,68.9224290089,68.9204968479,68.9185281035,68.9165291533,68.9140253596
AM52.1,4,82.2492331402,82.2483438054,82.2473378923,82.2472420377,82.2471618365,82.2471187487,82.2470942956,82.247066292,82.2470371587,82.2469984773,82.2469487547,82.2469176524,82.2468675409,82.2468001238,82.2467675132
AM52.2,4,78.8637638619,78.8611698469,78.8582156761,78.8549386752,78.8514525356,78.8476193329,78.8443364134,78.8418728689,78.8389648423,78.8366117853,78.8339068169,78.8302109177,78.8246110388,78.8175860872,78.810495714
AM52.3,3,59.769381777,59.7681543542,59.7667669472,59.7666310727,59.766519109,59.7664575801,59.7664228608,59.7663828254,59.766342,59.7662905198,59.7662196175,59.7661750304,59.7661058546,59.7660095025,59.7659626682
AM52.4,3,49.5810094692,49.252983665,48.8769084195,48.439521228,47.9244203565,47.306346883,46.5510471193,45.6074453305,44.394976661,42.779095383,40.5175737583,37.1257056671,31.4812140594,28.5727830477,27.8249204621
AM52.5,3,68.2794501647,68.275412906,68.2711526233,68.2662209935,68.2608886756,68.2589124481,68.2565314104,68.2539764642,68.2507046261,68.2473289741,68.2447428861,68.2419267736,68.2381279665,68.2317218119,68.225404549
AM52.6,3,90.5896667745,88.8955902572,88.4014082721,87.8249352901,87.1442229486,86.7815800102,86.3383784381,85.7844929082,85.7518953251,85.719991198,85.6977077881,85.6642826733,85.6454418067,85.6297681007,85.6107229544
AM52.7,4,73.7668472568,73.2110148595,72.5698605297,71.8218867426,70.9380065097,69.877396467,68.5813612167,66.9615494091,64.8790948788,64.5261719608,64.0323593735,63.2929327663,62.094266354,59.6992008857,52.5150904716
AM52.9,4,47.69414952,47.6124153885,47.5181340878,47.4081447076,47.2781790582,47.1222439104,46.9316799869,46.6944884734,46.5168583554,46.3029313386,46.0130124208,45.584046474,44.874808001,43.480822545,42.9838177971
AM52.10,3,48.3871934694,48.3858622167,48.3843569314,48.3842061533,48.3840620246,48.3840104898,48.3839497749,48.3838872447,48.3838397607,48.383781588,48.3837047178,48.3836275013,48.3835510516,48.383473608,48.3834470709
AM52.11,2,172.7567202178,171.0790743592,169.1683834234,166.9392439981,164.3049512741,161.8033505682,159.6938259029,157.2412969913,154.5515636941,150.9705729615,147.6130299214,145.2057123084,142.0787128942,135.8833806806,121.1685223213
AM52.12,2,131.7317320471,131.3217368714,130.8493134396,130.602790535,130.391487982,130.1588442924,129.899497117,129.5876753225,129.19054679,128.916703187,128.5340359616,128.0639464068,127.2834824919,125.7263670591,121.0643984916
AM52.13,3,88.0713472917,88.070700338,88.0701098633,88.0696846482,88.0692126473,88.0686478417,88.0679851354,88.067160965,88.0661973972,88.0651402914,88.0640830654,88.0631314037,88.0617078865,88.061024953,88.0608427187
AM55.1,4,65.3019162277,63.4028494313,61.2124749773,58.6591799423,55.6419959392,53.5219631092,50.9314979824,49.0167096206,46.5559291894,45.1645034918,43.6586265215,41.4042978245,39.9840592583,37.1462135242,35.9222261831
AM55.2,2,229.2886925571,227.2042211214,224.7990886851,221.9933048801,218.677394008,215.4779893006,211.567615639,206.6796577201,200.395157548,192.0158257539,180.2850637666,163.7342978493,136.1513050508,135.910017224,135.1876148818
AM55.8,4,106.622484813,101.7912051915,98.5546082006,94.7787865411,90.3901988482,85.1241001185,83.2339772689,80.8713513967,77.8337094589,73.7835766057,68.1133913686,59.6089849613,46.4145421057,20.0266144787,20.0063279462
AM55.9,4,52.2541787136,50.5376356691,48.5573371736,46.3030903342,44.4382279302,42.2004292047,40.2408245813,37.7919422641,36.2480373274,34.1900484936,31.3103761363,26.9909863878,24.6674486412,20.0268376885,20.0252968555
AM55.10,3,59.3679928947,56.7783414946,53.7903017908,50.438564619,46.4777107832,43.9118597325,40.7772409776,37.6517811906,33.6342933306,29.5346420884,25.7258203911,20.0129146359,20.0077029127,20.0013651751,20.0007840024
AM55.11,3,65.8579345546,64.8809023024,63.7547379625,62.4430522383,60.9186109169,59.1100410192,56.9006984108,54.150952918,50.6160392911,45.9051297377,40.9398786982,35.8776289202,30.5875603539,20.0080368674,20.0008595405
mw54.1,4,65.2990306076,63.4019425317,61.2139296886,58.6612480783,55.646799702,53.5269149798,50.9373864265,49.0222452518,46.5605921408,45.1667200497,43.6569937441,41.3984288654,39.9690566622,37.1298798622,35.9383770432
mw54.2,4,229.2937814306,227.2080784401,224.8015122126,221.9938691823,218.6757697126,215.4759877552,211.5651588377,206.6766613142,200.3915379632,192.0113814266,180.2795940495,163.7290134507,136.1451979163,135.899580412,135.166963569
mw54.8,4,106.6314596916,101.8005046464,98.5640842382,94.7885757187,90.4002528035,85.1347065065,83.2446251551,80.8820667499,77.8446001675,73.7948574941,68.1252504362,59.6222216388,46.4290451848,20.0444214841,20.0342559128
mw54.9,4,52.25902114,50.5422820592,48.5621415767,46.3112741563,44.4467359619,42.2094082751,40.2497464943,37.8017028614,36.2573426534,34.1987789448,31.3195427568,27.0011585946,24.6751324052,20.0364798569,20.0359150961
mw54.10,2,59.3847888227,56.7964323299,53.8099383439,50.4588251768,46.4991765221,43.9350384709,40.8015773042,37.6769307484,33.661607948,29.5737225487,25.7696938661,20.0638280725,20.0555691085,20.0432108533,20.0406640866
mw54.11,4,65.8450127419,64.8692350418,63.7444573709,62.4342201201,60.9133495218,59.1070677779,56.9007298882,54.1546168304,50.6246662448,45.9195347101,40.9624000045,35.9064057721,30.6200361089,20.0484811127,20.0347172793
AM57.1,4,81.4205834345,81.4182239144,81.4155104631,81.4123532395,81.4086250769,81.4041575335,81.3987012299,81.3918867289,81.3831355046,81.371481326,81.3551849207,81.3529821869,81.3514670181,81.3488280706,81.3486306727
AM57.2,4,85.8648384418,85.8593517507,85.8532007607,85.8460943116,85.8379385204,85.8345793578,85.830807738,85.826606247,85.8239608757,85.8210171226,85.8188136577,85.8162384227,85.81210531,85.8109382008,85.8085663049
AM57.3,4,41.4047601267,40.1979947598,39.3290462521,38.4049601311,37.3130135022,36.002781322,36.0014585036,36.0012051079,36.0009050862,36.0008049288,36.0006936278,36.0006083113,36.0004926899,36.0003160349,36.00031321
AM57.5,4,214.4679873545,213.6372148217,212.6964017944,211.6034958879,210.3187023269,208.7806904182,206.9038295074,204.559480242,201.548903133,197.5348335986,191.9664028726,183.6158021753,169.6981343464,169.5367258065,169.0618173663
AM58.2,2,130.7049394006,130.487363863,130.2370570184,129.9808082532,129.7580003909,129.5122182753,129.2395273493,128.9119273238,128.4934878662,128.1555579869,127.6841837734,126.9829559697,125.8172083522,123.5832333953,116.8850333768
AM58.3,2,87.2614857646,87.2610302926,87.2605353053,87.2599674482,87.2593904441,87.2587355287,87.2580696534,87.2576938831,87.2572750946,87.2567254012,87.25599394,87.2552877959,87.2544324458,87.2528834074,87.2483885151
AM58.5,2,71.6746534963,71.6743006795,71.6739346532,71.6735128847,71.6730318018,71.6726468898,71.6723081977,71.6719348665,71.6714811276,71.6710217806,71.6703790453,71.6694750682,71.6686268131,71.6671373015,71.6641322045
AM59.1,2,112.1177317419,110.9387782478,109.5784717688,107.9921877001,106.5834834786,104.8930388373,102.8269775502,101.0670724722,99.1570505731,96.6416503471,96.5949136822,96.5248086849,96.5241110736,96.5227158509,96.5227158509
AM59.2,2,114.4612942107,114.1265923671,113.7404015648,113.2898529015,112.7574156253,112.1184932198,111.3376196731,110.3615437197,109.1065958796,107.4333424555,105.0908221131,101.5770708489,96.4725449109,96.4680119019,96.4661761887
AM59.3,2,114.4616191879,114.127407155,113.7417851192,113.2919350879,112.7602985671,112.122335444,111.342602883,110.3679372446,109.1148030928,107.4439631383,105.1047884128,101.5960359034,96.470647154,96.4660577723,96.463758693
AM59.4,2,84.8978965185,84.73330396,84.6349373791,84.5233497703,84.3942143604,84.2445658684,84.0636762737,83.8391182658,83.5529513614,83.1746521722,83.1720664945,83.1698931077,83.1682595874,83.1649925467,83.1551914246
AM59.5,2,61.7728457745,61.7692002558,61.7653046541,61.7614965257,61.7582615323,61.754843362,61.7507906798,61.7468208028,61.7434277321,61.7400734907,61.7366596482,61.7326039936,61.7288078801,61.7243378713,61.7217560981
AM59.6,2,77.8885256857,77.8869720827,77.8854015734,77.8835724482,77.8814785629,77.8789818504,77.8762678063,77.8732810647,77.8705877235,77.8681891918,77.8657085398,77.862789455,77.8600855345,77.8571470709,77.8560779137
AM59.7,3,94.3533863727,93.6965171761,92.9386382913,92.0544606857,91.0095292414,89.7556260197,88.2234338884,86.3707822553,83.9893371076,80.8149089898,77.5325073135,77.5209345923,77.5033050047,77.5030399905,77.5025170821
mw56.2,4,76.8796214803,76.8732569644,76.8662026789,76.8579790942,76.8484610278,76.844449505,76.839927812,76.8346806737,76.8312056025,76.8280882195,76.8247857938,76.8220013005,76.8173709929,76.8162826467,76.8144060472
mw56.3,4,70.7882794893,70.7827801336,70.7764369958,70.7690957502,70.7605129827,70.7548355965,70.7524036136,70.7498066918,70.7483908337,70.7475867716,70.7464950135,70.7450555825,70.7426924475,70.7396104113,70.7341376945
mw56.4,4,58.3357941964,58.0307408072,57.6801898753,57.2729175446,56.7921957077,56.2156063555,55.5111417269,54.6309079329,53.4997883342,51.9917346616,49.8807360959,46.7155024533,46.1797107331,45.1099338514,41.9126078482
mw56.5,4,71.1659971647,70.8180909851,70.7060053192,70.5826800492,70.4386145599,70.2664799138,70.0561128667,69.7933277948,69.4561390785,69.0068301811,68.3779128266,67.4349184428,67.070215182,66.342361567,64.1692215779
mw56.6,4,80.3693795527,78.8915721977,77.1864133993,75.1971038119,72.8461086801,70.024915149,66.5772037956,63.8824345597,60.4177851917,56.5907937317,51.2332821322,49.418872094,46.4023897015,46.4019476695,46.4010785788
mw58.2,4,74.8050132146,74.4769732831,74.0988626385,73.6578525498,73.1367017695,72.5116188727,71.7476943348,70.792965573,69.5669797618,68.6541557992,68.101229548,67.4089943091,66.9034851786,66.0071860084,65.9167746876
mw58.3,4,69.5045047409,69.3102757239,69.0881506517,68.829736859,68.5251405221,68.1602046497,67.7143316271,67.1570859451,66.4410615073,65.4864847619,64.1504088592,62.1472343463,60.4090915526,58.9649410808,55.2514666882
mw58.4,4,80.568825753,80.0479424062,79.4474275475,79.339367909,79.2194224523,79.0769605485,78.9028630006,78.6854121789,78.4064444342,78.034698268,77.5150115197,76.7355454566,75.4366970896,74.9693745248,73.5773820815
mw58.6,4,67.9307699556,67.9239344197,67.9162044677,67.9072727621,67.8968046486,67.8924956287,67.8875320684,67.8817867983,67.8786311211,67.8750208596,67.8723676416,67.8692761541,67.8642466956,67.8627435763,67.8606707382
mw58.7,4,86.6076006497,85.3911550321,83.9875936005,83.0320308401,81.9028411553,80.6501280025,79.1191384617,77.2054156222,74.7449150124,71.4642906768,66.8720663896,66.4191188766,65.6713067352,65.6710010618,65.6703966778
mw58.8,4,46.4386418363,46.3858156524,46.3251055345,46.2543254771,46.1707156525,46.0705593211,45.9482751441,45.7967909905,45.6024390081,45.3446761893,44.9838956536,44.4427555527,43.5408751755,41.7371847499,41.2551177519
mw60.1,2,57.9604076754,57.6633341171,57.3206146864,56.920911303,56.4487335056,55.8821785134,55.1898000064,54.3243340184,53.2118954897,51.7287655121,49.6524030158,46.5418296069,45.8094334457,44.5087947587,44.3712221202
mw60.2,2,57.9488825895,57.6510026327,57.3073064233,56.9063384801,56.4325024534,55.8642229428,55.1698009885,54.3018382475,53.1859045748,51.6982685609,49.6158660237,46.4925795683,45.7729528971,44.4829597033,44.3817416819
mw60.3,2,80.6064318183,80.0871733893,79.4881340409,79.385279527,79.265243631,79.1213444076,78.9465757519,78.7290921589,78.4495068486,78.0768088378,77.5553448412,76.7748501303,75.4776053458,75.0108254511,73.6351339813
mw60.4,2,67.8394889905,67.8379671528,67.836843136,67.8355757601,67.8341434874,67.8324400527,67.8305137825,67.8282328812,67.8254648023,67.8246227561,67.8235288459,67.8222052975,67.8202235723,67.8178916653,67.8165773931
mw60.5,4,67.8514180029,67.8500126585,67.8484015983,67.8468209448,67.845097939,67.8441396994,67.8431558369,67.84208412,67.8407133351,67.839520904,67.8381444306,67.8361690866,67.8341362078,67.8304960934,67.8233038284
mw60.6,2,86.8211481175,85.6100464862,84.2126520488,83.256326686,82.1262334278,80.8773886245,79.3513100934,77.443764371,74.9913042089,71.7214721046,67.1439994881,66.7024848999,65.9675182791,65.9672248754,65.9666252905
mw60.7,3,48.9422216266,48.7694571248,48.5709374997,48.3432341042,48.0741665382,47.7528984075,47.3604649376,46.8701350517,46.2406180093,45.4013322518,44.2263739124,42.464350323,39.5278962931,37.1634353147,36.6288355063
mw15.1,4,51.531583682,49.5963574657,47.4159503127,44.9247497071,42.1007421006,38.7168861319,34.5951396917,29.4458755845,26.2844970389,22.5391717663,17.3003545062,11.3398784343,5.1614464809,2.5556303692,1.3957471762
mw15.2,4,83.7496507139,81.73827554,79.867137712,77.7207541898,75.1876202115,72.1585620295,68.4566512781,63.833712806,61.1558741994,57.5858429737,52.6364973856,45.7248335028,36.9159300504,28.101357102,1.6641922275
mw15.3,4,162.1080636522,156.7227205736,150.5094267682,143.2621330802,135.8043896973,126.8641110225,115.93755752,102.2931961495,88.8180053224,70.8539310518,61.7938133577,48.2054142049,30.874001666,1.6449896222,1.5949617017
mw15.4,4,51.0954047974,48.854501015,46.2703514678,43.2596420565,40.3069191159,37.4181078366,33.9284872625,31.2778498105,27.9240583769,23.4754880523,21.3901236578,18.3874129006,13.4196583331,3.8335681906,3.8272110577
mw15.5,4,56.8247228186,54.9068099764,52.6949681763,50.1145400976,47.0682262194,43.6209198393,40.7602737179,37.5217066577,35.7923214143,33.6189325816,30.5901033479,26.0485170162,20.0247657318,8.4472789406,1.2792018214
AM15.1,4,59.6984133666,58.253812524,56.8931599181,56.1517730222,55.3103691613,54.3288417516,53.2052489721,51.8258692201,50.0711458486,47.7315653943,44.4612963917,39.5558959401,34.8634982767,26.4156625281,1.1300682059
mw15.6,3,106.097087724,103.9589976746,102.0718678273,99.886519261,97.3102240571,94.2372215209,90.9543909503,86.8664015614,81.6223032486,76.5244271268,69.3884104439,58.7051011776,49.44382069,30.9306749335,3.4701800443
AM15.2,4,87.7785208055,86.0938878345,84.1500823215,81.8845650884,79.2072235984,77.163033232,75.6628931462,73.8035993833,71.4252327359,68.9072120266,65.3946319913,61.2554592183,54.3791074079,41.6038459641,3.2848667644
AM15.3,4,67.5950873251,66.5853228385,65.8038063554,64.9199578724,63.8978196337,62.7326879132,61.3313581663,59.589958741,57.3510220395,54.3703612818,50.1974573474,44.3355976585,36.6603880007,24.4237730881,3.1009120658
AM15.4,4,70.5461067439,68.7340494175,66.7485255066,64.4325382522,62.3764646884,59.9106411526,57.9958649159,55.6155507891,52.5564854991,48.4845286383,43.4973895641,36.1613282516,30.0320779701,17.7788559669,0.4691888106
AM15.5,4,120.0791277198,118.1284105929,115.8799012918,113.338603149,110.3353581883,106.7359332531,102.762362774,99.7583923576,95.9148115928,90.7960014462,83.6665752262,75.5444015917,62.0075158678,34.9375688173,1.2412190621
AM15.6,4,69.5625052453,68.2706338591,66.7807444019,65.0427557442,62.9927357979,60.8863939365,58.3531149704,55.1935260508,51.1342558161,45.7387586274,38.1875663496,27.1768553703,15.3465109561,0.878834193,0.4208427616
mw13.1,4,52.0172542189,50.0296746817,47.8249618189,45.2646214734,42.2427965088,38.6280408623,34.2121204107,31.9030470315,28.9351058564,26.1322801893,23.7355970168,20.6868822854,20.119973896,20.0310564316,20.0258753846
AM13.1,4,59.0152381893,58.3507238032,57.6060121157,56.7534194895,55.7775652701,54.613744243,53.1974563168,51.4294080825,49.1571072267,46.1474582139,41.9340664064,38.0913295523,32.2273171543,20.5997785513,20.5497676318
mw13.2,1,80.903140472,78.9914752865,76.7972692639,74.2411207544,71.2331730849,67.6244450137,63.2138688512,60.4907777749,56.9958023876,52.3707476939,46.2871122489,39.1359725015,32.8020244477,20.1401985918,20.0690647084
mw13.3,4,151.0479033187,144.8136007388,137.6214065997,130.2431097024,121.5284472158,111.0740110962,98.3066567849,85.8907419018,69.9297146128,61.9411851359,50.7580033287,37.90455704,20.0260506366,20.017472429,20.0077164062
AM13.2,4,84.6804740452,82.648708898,80.3050335924,77.5707739294,75.3858586567,73.6516936047,71.5405967222,68.9053564631,66.0664528703,62.2827009942,57.8740145032,51.26991963,40.8981422918,20.1574930229,20.0765159886
mw13.4,4,51.6210663351,49.2400363167,46.4987595486,43.8390591391,41.7687904143,39.3319849309,37.1514467339,34.5018316609,31.1150533733,29.6469911917,27.7225625574,24.9523053235,20.5068356165,20.4005972665,20.1155534657
AM13.3,1,66.9412498477,66.0855481541,65.1157447854,64.0229275474,62.7411276584,61.2291170704,59.3811063172,57.0713924844,54.10184516,50.14407783,44.9133804831,38.5780270919,30.0008378525,20.0550045644,20.035209544
mw13.5,4,56.5166181269,54.4027014586,51.964292741,49.122201297,46.8630237371,44.3290919573,41.5040366934,39.977554688,38.1436364008,35.719193105,32.3264757719,28.2406906259,21.7832559572,20.0287221365,20.0062639976
AM13.4,4,67.982407534,65.9358322815,63.5744114883,62.215084448,60.6101524647,58.699777325,56.378891557,53.4785005572,49.7556779742,45.358600147,39.3222381015,34.6262076725,26.8056423277,20.0121787206,20.0055105748
mw13.6,3,101.062226402,98.9998673689,96.6297042868,93.8688645482,90.6221968569,87.1542290132,82.9252718818,77.6463341467,72.4614898407,65.5486948968,55.8814194593,47.6608375242,33.9660621165,20.1173062538,20.0722407212
AM13.5,3,114.2452947475,111.7836306705,109.0181646917,105.7917924424,101.9821864861,97.792567419,94.4005542467,90.1688493653,84.7415543281,77.5291305709,69.4609709161,57.3592662294,37.1899072379,20.0420327635,20.0260500716
AM13.6,4,69.5229038887,68.0650585539,66.3866656567,64.6134983414,62.6261862844,60.2811714135,57.4233197046,53.856983947,49.2815318372,43.1869723734,34.9024831067,27.1818874662,20.0428484038,20.0168439719,20.0161591376
