date,
2015-07-08,
2015-07-15,
2015-07-22,
2015-07-29,
2015-08-05,
2015-08-12,
2015-08-19,
2015-08-26,
2015-09-02,
2015-09-09,
2015-09-16,
2015-09-23,
2015-09-30,
2015-10-07,
2015-10-14,
2015-10-21,
2015-10-28,
2015-11-04,
2015-11-11,
2015-11-18,
2015-11-25,
2015-12-02,
2015-12-09,
2015-12-16,
2015-12-23,
2015-12-30,
2016-01-06,
2016-01-13,
2016-01-20,
2016-01-27,
2016-02-03,
2016-02-10,
2016-02-17,
2016-02-24,
2016-03-02,
2016-03-09,
2016-03-16,
2016-03-23,
2016-03-30,
2016-04-06,
2016-04-13,
2016-04-20,
2016-04-27,
2016-05-04,
2016-05-11,
2016-05-18,
2016-05-25,
2016-06-01,
2016-06-08,
2016-06-15,
2016-06-22,
2016-06-29,
2016-07-06,
2016-07-13,
2016-07-20,
2016-07-27,
2016-08-03,
2016-08-10,
2016-08-17,
2016-08-24,
2016-08-31,
2016-09-07,
2016-09-14,
2016-09-21,
2016-09-28,
2016-10-05,
2016-10-12,
2016-10-19,
2016-10-26,
2016-11-02,
2016-11-09,
2016-11-16,
2016-11-23,
2016-11-30,
2016-12-07,
2016-12-14,
2016-12-21,
2016-12-28,
2017-01-04,
2017-01-11,
2017-01-18,
2017-01-25,
2017-02-01,
2017-02-08,
2017-02-15,
2017-02-22,
2017-03-01,
2017-03-08,
2017-03-15,
2017-03-22,
2017-03-29,
2017-04-05,
2017-04-12,
2017-04-19,
2017-04-26,
2017-05-03,
2017-05-10,
2017-05-17,
2017-05-24,
2017-05-31,
2017-06-07,
2017-06-14,
2017-06-21,
2017-06-28,
2017-07-05,
2017-07-12,
2017-07-19,
2017-07-26,
2017-08-02,
2017-08-09,
2017-08-16,
2017-08-23,
2017-08-30,
2017-09-06,
2017-09-13,
2017-09-20,
2017-09-27,
2017-10-04,
2017-10-11,
2017-10-18,
2017-10-25,
2017-11-01,
2017-11-08,
2017-11-15,
2017-11-22,
2017-11-29,
2017-12-06,
2017-12-13,
2017-12-20,
2017-12-27,
2018-01-03,
2018-01-10,
2018-01-17,
2018-01-24,
2018-01-31,
2018-02-07,
2018-02-14,
2018-02-21,
2018-02-28,
2018-03-07,
2018-03-14,
2018-03-21,
2018-03-28,
2018-04-04,
2018-04-11,
2018-04-18,
2018-04-25,
2018-05-02,
2018-05-09,
2018-05-16,
2018-05-23,
2018-05-30,
2018-06-06,
2018-06-13,
2018-06-20,
2018-06-27,
2018-07-04,
2018-07-11,
2018-07-18,
2018-07-25,
2018-08-01,
2018-08-08,
2018-08-15,
2018-08-22,
2018-08-29,
2018-09-05,
2018-09-12,
2018-09-19,
2018-09-26,
2018-10-03,
2018-10-10,
