Base Features,ChemAxon,Feature Selection,BCR Weighted,Model,TP,FP,FN,TN,Accuracy,BCR,Matthews
new + legacy,Legacy,Postive Info,True,J48,0.6174388674388673,0.06383526383526382,0.11994851994851996,0.1987773487773488,0.8162162162162161,0.7971277117898297,0.5611890528821509
new + legacy,Legacy,Postive Info,False,J48,0.6676962676962677,0.08925353925353925,0.06969111969111967,0.17335907335907336,0.841055341055341,0.7828107278436345,0.5802965536836354
new + legacy,Legacy,Postive Info,True,KNN,0.6514157014157014,0.08352638352638352,0.08597168597168596,0.17908622908622907,0.8305019305019304,0.7826755602830107,0.5636726367154206
new + legacy,Legacy,Postive Info,False,KNN,0.6514157014157014,0.08352638352638352,0.08597168597168596,0.17908622908622907,0.8305019305019304,0.7826755602830107,0.5636726367154206
new + legacy,Legacy,Postive Info,True,LogisticRegression,0.5693050193050193,0.07033462033462033,0.1680823680823681,0.19227799227799222,0.7615830115830116,0.7521151926990957,0.46216650206761717
new + legacy,Legacy,Postive Info,False,LogisticRegression,0.6651222651222651,0.1247104247104247,0.07226512226512226,0.1379021879021879,0.803024453024453,0.7135574111116116,0.4613177344182893
new + legacy,Legacy,Postive Info,True,NaiveBayes,0.3868725868725869,0.09498069498069499,0.3505148005148005,0.16763191763191762,0.5545045045045045,0.5814885256512254,0.14353185976093816
new + legacy,Legacy,Postive Info,False,NaiveBayes,0.4001287001287002,0.09858429858429858,0.33725868725868724,0.16402831402831403,0.5641570141570142,0.5836160301242539,0.14718264970225292
new + legacy,Legacy,Postive Info,True,RandomForest,0.6546975546975546,0.08481338481338481,0.0826898326898327,0.1777992277992278,0.8324967824967824,0.7824505055461362,0.5663839638534842
new + legacy,Legacy,Postive Info,False,RandomForest,0.6863577863577865,0.1097812097812098,0.05102960102960103,0.1528314028314028,0.8391891891891894,0.7563809791250691,0.5600927001554763
new + legacy,Legacy,Postive Info,True,SVM_PUK,0.6361647361647361,0.06383526383526383,0.10122265122265123,0.1987773487773488,0.8349420849420849,0.809825154847688,0.5950352118821155
new + legacy,Legacy,Postive Info,False,SVM_PUK,0.6924710424710426,0.10598455598455599,0.044916344916344914,0.15662805662805662,0.8490990990990992,0.7677548129306409,0.587438180101987
legacy,False,CFS,True,J48,0.5901544401544402,0.07972972972972975,0.14227799227799226,0.1878378378378378,0.777992277992278,0.7538830583111026,0.47800363884805197
legacy,False,CFS,False,J48,0.635971685971686,0.11731016731016732,0.09646074646074645,0.15025740025740028,0.7862290862290863,0.7149344437167315,0.4414253116991503
legacy,False,CFS,True,KNN,0.6089446589446589,0.11988416988416987,0.12348777348777348,0.1476833976833977,0.7566280566280565,0.6916742544048817,0.3817330542179231
legacy,False,CFS,False,KNN,0.6145431145431145,0.12509652509652508,0.11788931788931789,0.1424710424710425,0.757014157014157,0.6857558185971471,0.37477914804964957
legacy,False,CFS,True,LogisticRegression,0.556048906048906,0.15289575289575288,0.1763835263835264,0.1146718146718147,0.6707207207207206,0.5938762959058161,0.18297531582106638
legacy,False,CFS,False,LogisticRegression,0.7136422136422137,0.24414414414414415,0.01879021879021879,0.023423423423423427,0.7370656370656371,0.5309437726411896,0.13625204831856488
legacy,False,CFS,True,NaiveBayes,0.35566280566280567,0.11537966537966536,0.3767696267696267,0.15218790218790218,0.5078507078507078,0.5271871766336711,0.04822299595049929
legacy,False,CFS,False,NaiveBayes,0.6864221364221363,0.19671814671814666,0.04601029601029601,0.07084942084942084,0.7572715572715571,0.6009861397315271,0.27832038936448983
legacy,False,CFS,True,RandomForest,0.5915057915057915,0.10263835263835265,0.14092664092664092,0.16492921492921492,0.7564350064350065,0.711996524727152,0.40735778813404006
legacy,False,CFS,False,RandomForest,0.6338481338481338,0.1305019305019305,0.09858429858429858,0.13706563706563707,0.7709137709137708,0.6888335117117405,0.3939397165371838
legacy,False,CFS,True,SVM_PUK,0.56010296010296,0.11866151866151867,0.17232947232947235,0.1489060489060489,0.7090090090090089,0.6606168875541569,0.30454423711011175
legacy,False,CFS,False,SVM_PUK,0.6905405405405406,0.19665379665379665,0.041891891891891894,0.07091377091377092,0.7614543114543115,0.6039178465377728,0.2908344318813651
new,True,Postive Variance,True,J48,0.6250321750321751,0.05643500643500643,0.12007722007722009,0.19845559845559846,0.8234877734877736,0.8087187259474495,0.5775376981410877
new,True,Postive Variance,False,J48,0.67998712998713,0.08674388674388675,0.06512226512226511,0.16814671814671814,0.8481338481338481,0.7861411478906992,0.5897218646709665
new,True,Postive Variance,True,KNN,0.6498069498069498,0.08153153153153152,0.0953024453024453,0.17335907335907336,0.8231660231660232,0.7761136579534562,0.542928792166395
new,True,Postive Variance,False,KNN,0.6415701415701415,0.09028314028314029,0.09337194337194336,0.17477477477477477,0.8163449163449162,0.7661683385271876,0.5303774870396908
new,True,Postive Variance,True,LogisticRegression,0.583976833976834,0.06660231660231661,0.16113256113256114,0.1882882882882883,0.7722651222651222,0.7612243927040698,0.47753606832299705
new,True,Postive Variance,False,LogisticRegression,0.6694337194337194,0.12619047619047616,0.0655083655083655,0.13886743886743885,0.8083011583011583,0.7173897599730834,0.47587982736194306
new,True,Postive Variance,True,NaiveBayes,0.47586872586872586,0.13114543114543115,0.26924066924066925,0.12374517374517376,0.5996138996138997,0.5620698258490967,0.11076679595934878
new,True,Postive Variance,False,NaiveBayes,0.5157657657657658,0.14453024453024452,0.21917631917631916,0.12052767052767054,0.6362934362934364,0.5782497237267469,0.14584451328630554
new,True,Postive Variance,True,RandomForest,0.6117760617760618,0.08236808236808238,0.13333333333333333,0.17252252252252254,0.7842985842985843,0.748952319662002,0.47092297024298985
new,True,Postive Variance,False,RandomForest,0.6584942084942085,0.11795366795366793,0.07644787644787644,0.1471042471042471,0.8055984555984556,0.7254850812443288,0.4777483577249921
new,True,Postive Variance,True,SVM_PUK,0.6415701415701415,0.07123552123552125,0.10353925353925354,0.18365508365508365,0.8252252252252251,0.7907833303197409,0.5601610774081197
new,True,Postive Variance,False,SVM_PUK,0.6868082368082367,0.11840411840411841,0.048133848133848134,0.14665379665379666,0.8334620334620333,0.7438981220178542,0.5436250754717551
legacy,False,Postive Variance,True,J48,0.6053410553410554,0.06724581724581725,0.1285070785070785,0.19890604890604893,0.8042471042471043,0.7861132152212362,0.5389066354123077
legacy,False,Postive Variance,False,J48,0.6696267696267698,0.09543114543114542,0.06422136422136422,0.1707207207207207,0.8403474903474906,0.7769639262615784,0.5774222201009122
legacy,False,Postive Variance,True,KNN,0.6509009009009008,0.0913127413127413,0.08294723294723295,0.17483912483912487,0.8257400257400257,0.7719421890042315,0.5495155773954596
legacy,False,Postive Variance,False,KNN,0.6509009009009008,0.0913127413127413,0.08294723294723295,0.17483912483912487,0.8257400257400257,0.7719421890042315,0.5495155773954596
legacy,False,Postive Variance,True,LogisticRegression,0.5492921492921494,0.09317889317889318,0.18455598455598457,0.17297297297297298,0.7222651222651224,0.6992062915926884,0.36738253884817784
legacy,False,Postive Variance,False,LogisticRegression,0.6759974259974261,0.17934362934362935,0.05785070785070785,0.08680823680823682,0.7628056628056629,0.6236642764051027,0.3107418921806664
legacy,False,Postive Variance,True,NaiveBayes,0.31634491634491635,0.08391248391248392,0.41750321750321745,0.1822393822393823,0.49858429858429865,0.5578981754679719,0.1044505171608449
legacy,False,Postive Variance,False,NaiveBayes,0.37368082368082367,0.0938867438867439,0.36016731016731024,0.17226512226512228,0.5459459459459459,0.5782255047093998,0.1385772005911195
legacy,False,Postive Variance,True,RandomForest,0.6406692406692407,0.09787644787644788,0.09317889317889319,0.16827541827541828,0.808944658944659,0.7526401964901521,0.5081754886845687
legacy,False,Postive Variance,False,RandomForest,0.6826254826254826,0.12882882882882882,0.05122265122265123,0.13732303732303736,0.8199485199485199,0.7230786883288431,0.5040987189709707
legacy,False,Postive Variance,True,SVM_PUK,0.6083655083655084,0.07696267696267697,0.12548262548262548,0.18918918918918917,0.7975546975546975,0.769919543653284,0.5137525169593441
legacy,False,Postive Variance,False,SVM_PUK,0.6785714285714285,0.1303088803088803,0.05527670527670528,0.13584298584298582,0.8144144144144143,0.7175360354064915,0.48902854588549005
new + legacy,False,CFS,True,J48,0.5984555984555985,0.07998712998712998,0.1398970398970399,0.18166023166023165,0.7801158301158302,0.7524111485913831,0.4750538703163345
new + legacy,False,CFS,False,J48,0.6823680823680824,0.12374517374517376,0.055984555984555984,0.13790218790218792,0.8202702702702703,0.7256150070807448,0.5016675212025646
new + legacy,False,CFS,True,KNN,0.6294079794079794,0.11222651222651224,0.10894465894465893,0.1494208494208494,0.7788288288288289,0.7117631204697186,0.42526358079901305
new + legacy,False,CFS,False,KNN,0.6294079794079794,0.11222651222651224,0.10894465894465893,0.1494208494208494,0.7788288288288289,0.7117631204697186,0.42526358079901305
new + legacy,False,CFS,True,LogisticRegression,0.5088803088803089,0.10637065637065639,0.22947232947232946,0.15527670527670528,0.6641570141570141,0.6413341663150658,0.2553596834241565
new + legacy,False,CFS,False,LogisticRegression,0.7174388674388673,0.22335907335907332,0.020913770913770915,0.03828828828828829,0.7557271557271557,0.5590052781707715,0.2197831369354495
new + legacy,False,CFS,True,NaiveBayes,0.37554697554697564,0.10598455598455597,0.3628056628056628,0.1556628056628057,0.5312097812097814,0.55178089928246,0.09109953070718291
new + legacy,False,CFS,False,NaiveBayes,0.6285714285714286,0.20604890604890602,0.10978120978120978,0.05559845559845559,0.6841698841698841,0.5319049351381138,0.07549052087015305
new + legacy,False,CFS,True,RandomForest,0.6306949806949808,0.09234234234234234,0.10765765765765764,0.16930501930501934,0.8,0.7506326885798651,0.4923419278520306
new + legacy,False,CFS,False,RandomForest,0.6725868725868724,0.11615186615186616,0.06576576576576576,0.1454954954954955,0.8180823680823679,0.7335019116767857,0.5028448558965503
new + legacy,False,CFS,True,SVM_PUK,0.5870656370656372,0.1043114543114543,0.15128700128700126,0.15733590733590735,0.7444015444015446,0.6982150281210644,0.3772116497508171
new + legacy,False,CFS,False,SVM_PUK,0.692020592020592,0.17599742599742602,0.04633204633204633,0.08564993564993566,0.7776705276705276,0.632299089598923,0.34360166031791856
new,True,Postive Info,True,J48,0.616859716859717,0.06344916344916345,0.1144787644787645,0.20521235521235523,0.8220720720720722,0.8036495596576315,0.5772264727050171
new,True,Postive Info,False,J48,0.6689832689832689,0.09626769626769627,0.06235521235521236,0.1723938223938224,0.8413770913770913,0.7782074390594087,0.581911351308481
new,True,Postive Info,True,KNN,0.6400257400257401,0.08931788931788932,0.09131274131274131,0.17934362934362932,0.8193693693693694,0.7713439465108498,0.5414231914435292
new,True,Postive Info,False,KNN,0.6400257400257401,0.08931788931788932,0.09131274131274131,0.17934362934362932,0.8193693693693694,0.7713439465108498,0.5414231914435292
new,True,Postive Info,True,LogisticRegression,0.5648648648648648,0.06917631917631918,0.1664736164736165,0.1994851994851995,0.7643500643500643,0.7574431427510135,0.47380367891909864
new,True,Postive Info,False,LogisticRegression,0.6643500643500643,0.12927927927927924,0.06698841698841698,0.13938223938223937,0.8037323037323036,0.713602693425292,0.46791377916516635
new,True,Postive Info,True,NaiveBayes,0.4422136422136422,0.13494208494208496,0.28912483912483905,0.1337194337194337,0.5759330759330759,0.5511939956426786,0.09187011016312793
new,True,Postive Info,False,NaiveBayes,0.44575289575289584,0.1357786357786358,0.28558558558558556,0.13288288288288286,0.5786357786357788,0.5520568190499775,0.09355167426303336
new,True,Postive Info,True,RandomForest,0.6061776061776062,0.09214929214929216,0.12516087516087515,0.17651222651222648,0.7826898326898326,0.7429332623797719,0.4692251090915869
new,True,Postive Info,False,RandomForest,0.6546975546975546,0.1236808236808237,0.07664092664092664,0.144980694980695,0.7996782496782496,0.71742264700691,0.46408258749961584
new,True,Postive Info,True,SVM_PUK,0.6226512226512226,0.07908622908622909,0.10868725868725869,0.1895752895752896,0.8122265122265122,0.7785072881074631,0.5396868247752219
new,True,Postive Info,False,SVM_PUK,0.6810810810810809,0.12136422136422136,0.04794079794079794,0.14961389961389965,0.8306949806949806,0.7431824740398143,0.5429355296530393
new + legacy,New,CFS,True,J48,0.6091377091377091,0.0673101673101673,0.12676962676962678,0.1967824967824968,0.805920205920206,0.7864318383109459,0.5398234230238804
new + legacy,New,CFS,False,J48,0.6782496782496782,0.1093951093951094,0.05765765765765766,0.1546975546975547,0.8329472329472329,0.7537104537021696,0.5469673818612165
new + legacy,New,CFS,True,KNN,0.6475546975546975,0.09176319176319178,0.08835263835263835,0.17232947232947232,0.8198841698841699,0.7662373258551533,0.5347089473127702
new + legacy,New,CFS,False,KNN,0.6475546975546975,0.09176319176319178,0.08835263835263835,0.17232947232947232,0.8198841698841699,0.7662373258551533,0.5347089473127702
new + legacy,New,CFS,True,LogisticRegression,0.5537323037323038,0.1175032175032175,0.1821750321750322,0.14658944658944656,0.7003217503217503,0.6537583173276551,0.28858811310711036
new + legacy,New,CFS,False,LogisticRegression,0.701029601029601,0.20096525096525097,0.03487773487773487,0.06312741312741314,0.7641570141570141,0.5958204469726257,0.2841524788897753
new + legacy,New,CFS,True,NaiveBayes,0.4404761904761905,0.1034105534105534,0.2954311454311454,0.16068211068211066,0.6011583011583012,0.6034896213659952,0.18320020041655302
new + legacy,New,CFS,False,NaiveBayes,0.6191119691119692,0.17175032175032173,0.11679536679536678,0.09234234234234236,0.7114543114543116,0.5954747652330079,0.2069863576324253
new + legacy,New,CFS,True,RandomForest,0.653024453024453,0.08230373230373232,0.0828828828828829,0.18178893178893177,0.8348133848133847,0.7878630169629506,0.5753222223056634
new + legacy,New,CFS,False,RandomForest,0.6867438867438869,0.10501930501930502,0.04916344916344917,0.15907335907335904,0.8458172458172459,0.7677663027803857,0.5814324274210126
new + legacy,New,CFS,True,SVM_PUK,0.5929858429858431,0.09613899613899615,0.14292149292149292,0.16795366795366798,0.7609395109395111,0.7208768248007216,0.4207536746165083
new + legacy,New,CFS,False,SVM_PUK,0.6978120978120977,0.16705276705276706,0.0380952380952381,0.09703989703989706,0.7948519948519948,0.6578400209454498,0.4070789008460624
new + legacy,New,Postive Info,True,J48,0.6136422136422135,0.06241956241956243,0.1250965250965251,0.19884169884169886,0.8124839124839124,0.7958728823741439,0.5555124737564624
new + legacy,New,Postive Info,False,J48,0.6682110682110681,0.08848133848133849,0.07200772200772203,0.17129987129987131,0.8395109395109395,0.7810607871279167,0.574482302815071
new + legacy,New,Postive Info,True,KNN,0.6384169884169885,0.08095238095238096,0.10032175032175034,0.1803088803088803,0.8187258687258687,0.7771731947615043,0.5420266781371161
new + legacy,New,Postive Info,False,KNN,0.6429858429858429,0.08223938223938224,0.09723294723294723,0.17754182754182757,0.8205276705276705,0.7760356255191508,0.5423181894886946
new + legacy,New,Postive Info,True,LogisticRegression,0.5761261261261262,0.06833976833976835,0.16409266409266407,0.19144144144144146,0.7675675675675677,0.7576260329154314,0.47202288862992975
new + legacy,New,Postive Info,False,LogisticRegression,0.6635135135135136,0.11647361647361647,0.07670527670527671,0.14330759330759332,0.806821106821107,0.7240110607757149,0.47425903889436327
new + legacy,New,Postive Info,True,NaiveBayes,0.43680823680823677,0.12355212355212354,0.3034105534105534,0.13622908622908625,0.573037323037323,0.5572531175214849,0.10116515025718309
new + legacy,New,Postive Info,False,NaiveBayes,0.441956241956242,0.12471042471042472,0.29826254826254833,0.1350707850707851,0.5770270270270271,0.5585010930041168,0.10353877298958553
new + legacy,New,Postive Info,True,RandomForest,0.6194980694980694,0.08281853281853281,0.12072072072072074,0.17696267696267695,0.7964607464607464,0.7590555099830609,0.49689311055493207
new + legacy,New,Postive Info,False,RandomForest,0.6685328185328185,0.10894465894465895,0.07168597168597168,0.15083655083655084,0.8193693693693693,0.7418924392988262,0.5100412649483628
new + legacy,New,Postive Info,True,SVM_PUK,0.6346846846846845,0.07541827541827542,0.10553410553410553,0.18436293436293438,0.8190476190476189,0.7835569534358691,0.5481149723566122
new + legacy,New,Postive Info,False,SVM_PUK,0.6913127413127415,0.10926640926640926,0.04890604890604891,0.1505148005148005,0.8418275418275419,0.7566604578344911,0.563359291748963
new,True,CFS,True,J48,0.6089446589446589,0.0666023166023166,0.12908622908622908,0.19536679536679538,0.8043114543114542,0.7854282213956265,0.5361490361952533
new,True,CFS,False,J48,0.6891891891891891,0.11357786357786356,0.04884169884169884,0.14839124839124843,0.8375804375804375,0.7501335984162363,0.5528150241113304
new,True,CFS,True,KNN,0.6535392535392537,0.09401544401544402,0.0844916344916345,0.167953667953668,0.8214929214929216,0.7633187999074498,0.5330513426377669
new,True,CFS,False,KNN,0.653925353925354,0.09440154440154443,0.08410553410553412,0.1675675675675676,0.8214929214929216,0.7628434549112654,0.5326297215466297
new,True,CFS,True,LogisticRegression,0.5703989703989705,0.11480051480051481,0.16763191763191765,0.14716859716859715,0.7175675675675677,0.6673222096949947,0.316825164581833
new,True,CFS,False,LogisticRegression,0.7095881595881596,0.19395109395109394,0.02844272844272844,0.06801801801801802,0.7776061776061776,0.6105513481505012,0.32931198004351075
new,True,CFS,True,NaiveBayes,0.5095881595881596,0.12316602316602315,0.22844272844272845,0.13880308880308878,0.6483912483912484,0.6101576046878603,0.200960568778308
new,True,CFS,False,NaiveBayes,0.6530888030888031,0.1838481338481338,0.08494208494208495,0.07812097812097812,0.7312097812097813,0.5915569848888738,0.21795138110032786
new,True,CFS,True,RandomForest,0.644079794079794,0.07773487773487772,0.09395109395109394,0.18423423423423427,0.8283140283140282,0.7879836665856434,0.5651714334285128
new,True,CFS,False,RandomForest,0.6795366795366796,0.0998069498069498,0.0584942084942085,0.16216216216216217,0.8416988416988418,0.7698776998622348,0.5723169108523194
new,True,CFS,True,SVM_PUK,0.5901544401544403,0.09247104247104246,0.14787644787644788,0.1694980694980695,0.7596525096525097,0.7233246353808958,0.4219409412263519
new,True,CFS,False,SVM_PUK,0.7057915057915057,0.16994851994851992,0.03223938223938223,0.09202059202059203,0.7978120978120977,0.6537910369775101,0.40998701736898874
new + legacy,New,Postive Variance,True,J48,0.6095238095238095,0.06222651222651222,0.1249034749034749,0.20334620334620335,0.8128700128700128,0.7978100717109544,0.5601823348115337
new + legacy,New,Postive Variance,False,J48,0.6662805662805663,0.0916988416988417,0.06814671814671815,0.1738738738738739,0.8401544401544402,0.7809619707893924,0.5794137560285245
new + legacy,New,Postive Variance,True,KNN,0.6394465894465894,0.0879021879021879,0.09498069498069499,0.17767052767052768,0.8171171171171171,0.7698413791965772,0.5352166197674564
new + legacy,New,Postive Variance,False,KNN,0.6394465894465894,0.0879021879021879,0.09498069498069499,0.17767052767052768,0.8171171171171171,0.7698413791965772,0.5352166197674564
new + legacy,New,Postive Variance,True,LogisticRegression,0.5796653796653798,0.06885456885456885,0.15476190476190477,0.19671814671814672,0.7763835263835265,0.7650035770660228,0.49027059914784854
new + legacy,New,Postive Variance,False,LogisticRegression,0.6651222651222652,0.1191119691119691,0.06930501930501932,0.14646074646074647,0.8115830115830117,0.7285620564003432,0.4907791354630148
new + legacy,New,Postive Variance,True,NaiveBayes,0.496010296010296,0.13564993564993566,0.23841698841698847,0.1299227799227799,0.6259330759330759,0.5822937705252433,0.1506943649175508
new + legacy,New,Postive Variance,False,NaiveBayes,0.49993564993564993,0.13655083655083652,0.2344916344916345,0.12902187902187903,0.628957528957529,0.5832700143356517,0.15290788803187963
new + legacy,New,Postive Variance,True,RandomForest,0.6133848133848134,0.08223938223938222,0.12104247104247104,0.18333333333333332,0.7967181467181468,0.7627599519174049,0.5043858508182645
new + legacy,New,Postive Variance,False,RandomForest,0.6626126126126125,0.11357786357786355,0.07181467181467181,0.15199485199485205,0.8146074646074646,0.7372726691583238,0.5028291002040756
new + legacy,New,Postive Variance,True,SVM_PUK,0.6384813384813385,0.07754182754182755,0.09594594594594597,0.18803088803088802,0.8265122265122264,0.7886899280448918,0.5654871795436444
new + legacy,New,Postive Variance,False,SVM_PUK,0.6906692406692407,0.11891891891891895,0.043758043758043756,0.14665379665379666,0.8373230373230374,0.7463179637502038,0.5541319109069232
legacy,False,Postive Info,True,J48,0.5997425997425998,0.06184041184041184,0.1384813384813385,0.1999356499356499,0.7996782496782497,0.7880894048045157,0.5353010044426805
legacy,False,Postive Info,False,J48,0.665122265122265,0.09144144144144145,0.07310167310167309,0.17033462033462035,0.8354568854568853,0.7758322945080081,0.5650914278481507
legacy,False,Postive Info,True,KNN,0.6499356499356499,0.08674388674388675,0.0882882882882883,0.175032175032175,0.824967824967825,0.7745188490226813,0.5479987696336336
legacy,False,Postive Info,False,KNN,0.6499356499356499,0.08674388674388675,0.0882882882882883,0.175032175032175,0.824967824967825,0.7745188490226813,0.5479987696336336
legacy,False,Postive Info,True,LogisticRegression,0.5510939510939511,0.092985842985843,0.18712998712998716,0.1687902187902188,0.7198841698841699,0.6956509217774816,0.35927314973905755
legacy,False,Postive Info,False,LogisticRegression,0.677027027027027,0.17561132561132559,0.061196911196911195,0.08616473616473617,0.7631917631917632,0.6231284430374018,0.3054026101595406
legacy,False,Postive Info,True,NaiveBayes,0.26093951093951095,0.0727155727155727,0.4772844272844272,0.18906048906048903,0.44999999999999996,0.537845769409577,0.07056802190874917
legacy,False,Postive Info,False,NaiveBayes,0.3181467181467182,0.08526383526383527,0.4200772200772201,0.17651222651222648,0.49465894465894467,0.5526247310368094,0.09431211856757092
legacy,False,Postive Info,True,RandomForest,0.6384813384813385,0.08970398970398971,0.09974259974259975,0.17207207207207206,0.8105534105534106,0.7611069455244114,0.5160003986320818
legacy,False,Postive Info,False,RandomForest,0.6787644787644787,0.11956241956241957,0.059459459459459456,0.14221364221364222,0.8209781209781208,0.7313602851935507,0.506948057672175
legacy,False,Postive Info,True,SVM_PUK,0.6015444015444016,0.06924066924066925,0.13667953667953667,0.19253539253539254,0.7940797940797941,0.7751750574953818,0.5148333044883677
legacy,False,Postive Info,False,SVM_PUK,0.6810167310167311,0.1265765765765766,0.05720720720720721,0.1351994851994852,0.8162162162162163,0.7194884916667695,0.4895469328163523
legacy,True,Postive Info,True,J48,0.6179536679536679,0.06293436293436291,0.1214929214929215,0.1976190476190476,0.8155727155727155,0.7970781905643338,0.5594910647463422
legacy,True,Postive Info,False,J48,0.669111969111969,0.09009009009009009,0.06718146718146718,0.17361647361647362,0.8427284427284426,0.7835635734161701,0.5844687526737732
legacy,True,Postive Info,True,KNN,0.6555341055341056,0.08088803088803088,0.0839124839124839,0.17966537966537968,0.8351994851994853,0.7880364305854792,0.5739331608256505
legacy,True,Postive Info,False,KNN,0.6521879021879022,0.08301158301158301,0.08410553410553412,0.18069498069498072,0.8328828828828829,0.7854920084566812,0.5702271300585634
legacy,True,Postive Info,True,LogisticRegression,0.5688545688545689,0.06833976833976833,0.1705920205920206,0.19221364221364226,0.7610682110682111,0.753505363405841,0.46285605741350994
legacy,True,Postive Info,False,LogisticRegression,0.6682754182754181,0.14607464607464607,0.06801801801801802,0.11763191763191763,0.7859073359073357,0.6768461497710907,0.40082847821276923
legacy,True,Postive Info,True,NaiveBayes,0.399034749034749,0.09092664092664092,0.3404118404118404,0.16962676962676965,0.5686615186615187,0.5953323312354646,0.16741313896879068
legacy,True,Postive Info,False,NaiveBayes,0.4186615186615187,0.10328185328185328,0.3176319176319176,0.16042471042471043,0.5790862290862291,0.5884762106574555,0.15609574992155673
legacy,True,Postive Info,True,RandomForest,0.6468468468468468,0.08063063063063063,0.0925997425997426,0.17992277992277994,0.8267696267696267,0.7826562173207638,0.5572875596118374
legacy,True,Postive Info,False,RandomForest,0.6790862290862292,0.11190476190476191,0.05720720720720721,0.15180180180180178,0.830888030888031,0.748975224974491,0.5396395752803078
legacy,True,Postive Info,True,SVM_PUK,0.6271557271557272,0.06267696267696268,0.11229086229086228,0.19787644787644787,0.8250321750321751,0.8037944005874087,0.5765562036529288
legacy,True,Postive Info,False,SVM_PUK,0.6855212355212357,0.10727155727155727,0.050772200772200765,0.15643500643500644,0.8419562419562421,0.7621298634426656,0.5699675831341104
new,False,Postive Info,True,J48,0.6146074646074645,0.06435006435006435,0.12194337194337194,0.19909909909909912,0.8137065637065637,0.7950900432531645,0.556841735264273
new,False,Postive Info,False,J48,0.6705920205920205,0.09002574002574003,0.06595881595881596,0.17342342342342346,0.8440154440154439,0.7843647377661134,0.5871192484178346
new,False,Postive Info,True,KNN,0.64002574002574,0.09073359073359073,0.09652509652509651,0.17271557271557275,0.8127413127413128,0.7622717015076679,0.5209231877590322
new,False,Postive Info,False,KNN,0.64002574002574,0.09073359073359073,0.09652509652509651,0.17271557271557275,0.8127413127413128,0.7622717015076679,0.5209231877590322
new,False,Postive Info,True,LogisticRegression,0.5547619047619047,0.08294723294723294,0.1817889317889318,0.18050193050193047,0.7352638352638352,0.7191689427409229,0.4017156706309033
new,False,Postive Info,False,LogisticRegression,0.677992277992278,0.16364221364221362,0.058558558558558564,0.0998069498069498,0.7777992277992278,0.6496716682681773,0.36118300610622817
new,False,Postive Info,True,NaiveBayes,0.3861647361647362,0.0897039897039897,0.3503861003861004,0.17374517374517373,0.5599099099099099,0.5918948353394683,0.16210904825392994
new,False,Postive Info,False,NaiveBayes,0.40289575289575286,0.09581724581724581,0.33365508365508373,0.16763191763191762,0.5705276705276705,0.5916501699832035,0.1614895708072166
new,False,Postive Info,True,RandomForest,0.6473616473616474,0.08629343629343629,0.08918918918918918,0.17715572715572717,0.8245173745173745,0.7756785734436957,0.5494328379529239
new,False,Postive Info,False,RandomForest,0.6859716859716858,0.11853281853281851,0.05057915057915059,0.14491634491634492,0.8308880308880306,0.7407015000707213,0.5347194117075765
new,False,Postive Info,True,SVM_PUK,0.6305662805662806,0.07908622908622909,0.10598455598455599,0.18436293436293436,0.814929214929215,0.7779557645035873,0.5394777613701147
new,False,Postive Info,False,SVM_PUK,0.6844916344916345,0.12001287001287002,0.052059202059202066,0.14343629343629347,0.827927927927928,0.7368877935013296,0.5262472462552993
new + legacy,Both,Postive Info,True,J48,0.6116473616473617,0.0648005148005148,0.12393822393822392,0.19961389961389964,0.8112612612612613,0.7932195051652036,0.5528314282719221
new + legacy,Both,Postive Info,False,J48,0.6691119691119691,0.09356499356499356,0.0694980694980695,0.16782496782496784,0.8369369369369369,0.7739776022616511,0.5659223532691177
new + legacy,Both,Postive Info,True,KNN,0.6435649935649936,0.08462033462033461,0.09202059202059203,0.17979407979407983,0.8233590733590734,0.7774361896137957,0.550040750069648
new + legacy,Both,Postive Info,False,KNN,0.6416344916344916,0.08635778635778636,0.09697554697554696,0.17503217503217497,0.8166666666666665,0.7691631128897797,0.5315493485530761
new + legacy,Both,Postive Info,True,LogisticRegression,0.5795366795366796,0.07239382239382239,0.15604890604890606,0.19202059202059205,0.7715572715572717,0.757034168569673,0.4759336259575306
new + legacy,Both,Postive Info,False,LogisticRegression,0.664929214929215,0.10990990990990991,0.07368082368082368,0.15148005148005148,0.8164092664092665,0.7398807120062451,0.5046905177656792
new + legacy,Both,Postive Info,True,NaiveBayes,0.45431145431145425,0.12548262548262548,0.28127413127413126,0.1389317889317889,0.5932432432432432,0.571525367298972,0.12781484250723169
new + legacy,Both,Postive Info,False,NaiveBayes,0.4676319176319176,0.12831402831402833,0.27097812097812096,0.13307593307593307,0.6007078507078507,0.571116525532243,0.12735893312785157
new + legacy,Both,Postive Info,True,RandomForest,0.6247747747747749,0.08667953667953668,0.11081081081081082,0.17773487773487778,0.8025096525096527,0.7607700122667715,0.5076518919994653
new + legacy,Both,Postive Info,False,RandomForest,0.6701415701415702,0.10913770913770914,0.06846846846846846,0.15225225225225228,0.8223938223938224,0.7448863061645385,0.518893743454383
new + legacy,Both,Postive Info,True,SVM_PUK,0.6440154440154441,0.07902187902187904,0.09157014157014158,0.18539253539253542,0.8294079794079795,0.7883288919503242,0.568311370195969
new + legacy,Both,Postive Info,False,SVM_PUK,0.6920205920205921,0.11589446589446588,0.04658944658944659,0.14549549549549548,0.8375160875160875,0.7467725811860748,0.5504900110758097
new + legacy,False,Postive Info,True,J48,0.6102316602316602,0.06885456885456885,0.12644787644787644,0.19446589446589446,0.8046975546975547,0.7834342358459827,0.534819547998342
new + legacy,False,Postive Info,False,J48,0.6658944658944658,0.09388674388674388,0.07078507078507078,0.16943371943371943,0.8353281853281852,0.7736819913478465,0.5643000167379256
new + legacy,False,Postive Info,True,KNN,0.6435649935649936,0.0879021879021879,0.09311454311454312,0.1754182754182754,0.818983268983269,0.7698901420371292,0.536416981632299
new + legacy,False,Postive Info,False,KNN,0.6435649935649936,0.0879021879021879,0.09311454311454312,0.1754182754182754,0.818983268983269,0.7698901420371292,0.536416981632299
new + legacy,False,Postive Info,True,LogisticRegression,0.5735521235521236,0.07857142857142857,0.1631274131274131,0.18474903474903476,0.7583011583011583,0.7400884222627985,0.4440228965293856
new + legacy,False,Postive Info,False,LogisticRegression,0.6709137709137708,0.1472329472329472,0.06576576576576577,0.11608751608751608,0.7870012870012869,0.6757934897770564,0.4014562503414225
new + legacy,False,Postive Info,True,NaiveBayes,0.34877734877734873,0.08886743886743885,0.3879021879021879,0.17445302445302444,0.5232303732303731,0.5679786811101479,0.12070300874369767
new + legacy,False,Postive Info,False,NaiveBayes,0.37599742599742597,0.09407979407979408,0.36068211068211065,0.16924066924066924,0.5452380952380952,0.5765561631736311,0.13511416016115763
new + legacy,False,Postive Info,True,RandomForest,0.6473616473616474,0.09613899613899615,0.08931788931788934,0.16718146718146717,0.8145431145431146,0.7568267376544917,0.5180456424134043
new + legacy,False,Postive Info,False,RandomForest,0.6857786357786357,0.12722007722007722,0.05090090090090091,0.1361003861003861,0.8218790218790218,0.7238835658266577,0.5057857538284265
new + legacy,False,Postive Info,True,SVM_PUK,0.6281853281853281,0.06994851994851994,0.10849420849420852,0.19337194337194336,0.8215572715572714,0.7935425465857602,0.5632563610443644
new + legacy,False,Postive Info,False,SVM_PUK,0.6884169884169883,0.11808236808236812,0.04826254826254827,0.14523809523809525,0.8336550836550836,0.7430252002680486,0.541900677978079
new + legacy,Legacy,CFS,True,J48,0.6042471042471043,0.0700772200772201,0.13281853281853281,0.19285714285714287,0.7971042471042471,0.7766405595567483,0.5197512371442903
new + legacy,Legacy,CFS,False,J48,0.6746460746460747,0.1048906048906049,0.06241956241956241,0.15804375804375806,0.8326898326898328,0.7581951376982103,0.5483632751709274
new + legacy,Legacy,CFS,True,KNN,0.6466537966537965,0.09028314028314029,0.0904118404118404,0.17265122265122262,0.8193050193050191,0.7669839159998226,0.5338838108242865
new + legacy,Legacy,CFS,False,KNN,0.6466537966537965,0.09028314028314029,0.0904118404118404,0.17265122265122262,0.8193050193050191,0.7669839159998226,0.5338838108242865
new + legacy,Legacy,CFS,True,LogisticRegression,0.48963963963963975,0.10096525096525097,0.24742599742599747,0.16196911196911196,0.6516087516087516,0.6401576426372027,0.25095952949411504
new + legacy,Legacy,CFS,False,LogisticRegression,0.7186615186615187,0.2362934362934363,0.01840411840411841,0.026640926640926644,0.7453024453024454,0.5381760714568675,0.162062685275259
new + legacy,Legacy,CFS,True,NaiveBayes,0.3832046332046332,0.10090090090090091,0.3538610038610039,0.16203346203346206,0.5452380952380953,0.568078160820515,0.11994001752432425
new + legacy,Legacy,CFS,False,NaiveBayes,0.601029601029601,0.18687258687258687,0.13603603603603603,0.07606177606177605,0.6770913770913771,0.5523580627816764,0.11276805081369666
new + legacy,Legacy,CFS,True,RandomForest,0.6494208494208493,0.07966537966537966,0.08764478764478766,0.18326898326898325,0.8326898326898325,0.7890518852528161,0.5726345789021183
new + legacy,Legacy,CFS,False,RandomForest,0.6854568854568854,0.10302445302445302,0.0516087516087516,0.15990990990990991,0.8453667953667954,0.7690775231424325,0.5801150315431356
new + legacy,Legacy,CFS,True,SVM_PUK,0.5653153153153152,0.08957528957528955,0.17175032175032173,0.17335907335907336,0.7386743886743885,0.7131527450541488,0.39476160903378
new + legacy,Legacy,CFS,False,SVM_PUK,0.7133204633204632,0.19890604890604893,0.023745173745173747,0.06402831402831403,0.7773487773487772,0.6056493098743695,0.32873079743915457
new,False,Postive Variance,True,J48,0.6148005148005147,0.06325611325611324,0.11769626769626766,0.20424710424710424,0.8190476190476189,0.8014265942457819,0.5711579168473511
new,False,Postive Variance,False,J48,0.6662805662805662,0.09111969111969113,0.06621621621621622,0.17638352638352636,0.8426640926640926,0.7844858879593541,0.5875572604601583
new,False,Postive Variance,True,KNN,0.637129987129987,0.08725868725868727,0.09536679536679538,0.18024453024453024,0.8173745173745173,0.7718045371543277,0.5385421596487493
new,False,Postive Variance,False,KNN,0.637129987129987,0.08725868725868727,0.09536679536679538,0.18024453024453024,0.8173745173745173,0.7718045371543277,0.5385421596487493
new,False,Postive Variance,True,LogisticRegression,0.5635778635778635,0.0794079794079794,0.16891891891891894,0.18809523809523812,0.7516731016731016,0.7362721327236545,0.4365826156261914
new,False,Postive Variance,False,LogisticRegression,0.6792792792792793,0.1613899613899614,0.05321750321750321,0.10611325611325612,0.7853925353925355,0.6620140488209727,0.3919111732303639
new,False,Postive Variance,True,NaiveBayes,0.38996138996138996,0.08944658944658945,0.3425353925353925,0.17805662805662809,0.5680180180180181,0.5989985424711202,0.1754384490362802
new,False,Postive Variance,False,NaiveBayes,0.4082368082368083,0.09736164736164737,0.3242599742599742,0.17014157014157014,0.5783783783783785,0.5966789626800206,0.17119322155250924
new,False,Postive Variance,True,RandomForest,0.6457528957528957,0.08526383526383527,0.08674388674388676,0.18223938223938224,0.8279922779922779,0.7814191579300136,0.561855618941412
new,False,Postive Variance,False,RandomForest,0.6833976833976834,0.11756756756756757,0.049099099099099104,0.14993564993564995,0.8333333333333333,0.7467352897921984,0.547088191321611
new,False,Postive Variance,True,SVM_PUK,0.6213642213642214,0.07316602316602316,0.11113256113256112,0.19433719433719432,0.8157014157014157,0.7873839864049912,0.5523701943367748
new,False,Postive Variance,False,SVM_PUK,0.6853925353925353,0.11769626769626769,0.047104247104247106,0.14980694980694984,0.8351994851994852,0.7478564113952135,0.5517985150027078
new + legacy,Legacy,Postive Variance,True,J48,0.6195624195624194,0.06602316602316602,0.1187902187902188,0.1956241956241956,0.8151866151866151,0.7933890355928641,0.555497242699895
new + legacy,Legacy,Postive Variance,False,J48,0.6696911196911197,0.08906048906048905,0.06866151866151866,0.17258687258687255,0.8422779922779923,0.7833117385691434,0.5821067494291576
new + legacy,Legacy,Postive Variance,True,KNN,0.6516731016731016,0.08018018018018018,0.08667953667953668,0.18146718146718147,0.833140283140283,0.7880802346089935,0.5716566998757007
new + legacy,Legacy,Postive Variance,False,KNN,0.6516731016731016,0.08018018018018018,0.08667953667953668,0.18146718146718147,0.833140283140283,0.7880802346089935,0.5716566998757007
new + legacy,Legacy,Postive Variance,True,LogisticRegression,0.5750965250965251,0.06866151866151866,0.16325611325611328,0.19298584298584298,0.7680823680823681,0.7582356688973921,0.47402631589060834
new + legacy,Legacy,Postive Variance,False,LogisticRegression,0.6657657657657657,0.12175032175032174,0.07258687258687259,0.1398970398970399,0.8056628056628057,0.7181842975941415,0.46886826467208964
new + legacy,Legacy,Postive Variance,True,NaiveBayes,0.361969111969112,0.085006435006435,0.3763835263835264,0.17664092664092662,0.5386100386100386,0.5826747373239577,0.1461769396095439
new + legacy,Legacy,Postive Variance,False,NaiveBayes,0.37882882882882885,0.08867438867438868,0.3595238095238095,0.172972972972973,0.5518018018018018,0.5870825084896489,0.15342644626940005
new + legacy,Legacy,Postive Variance,True,RandomForest,0.6538610038610038,0.08526383526383528,0.08449163449163449,0.17638352638352636,0.8302445302445302,0.7798471378777966,0.5602291429961769
new + legacy,Legacy,Postive Variance,False,RandomForest,0.6854568854568853,0.10740025740025741,0.05289575289575289,0.15424710424710422,0.8397039897039895,0.7589413212583276,0.5616800492859152
new + legacy,Legacy,Postive Variance,True,SVM_PUK,0.6424710424710424,0.06557271557271557,0.0958815958815959,0.1960746460746461,0.8385456885456885,0.8097631669401879,0.5989091321476843
new + legacy,Legacy,Postive Variance,False,SVM_PUK,0.6935649935649935,0.1061132561132561,0.04478764478764478,0.15553410553410554,0.849099099099099,0.7668914154038975,0.5861827053830346
new + legacy,Both,CFS,True,J48,0.607915057915058,0.061776061776061764,0.12767052767052767,0.20263835263835261,0.8105534105534106,0.7964016973480018,0.5558690010490194
new + legacy,Both,CFS,False,J48,0.6703346203346204,0.09684684684684686,0.06525096525096526,0.16756756756756755,0.837902187902188,0.7725123424049221,0.5687449001488163
new + legacy,Both,CFS,True,KNN,0.6481981981981981,0.08758043758043757,0.08738738738738737,0.1768339768339768,0.825032175032175,0.7749880514104552,0.5501048016996316
new + legacy,Both,CFS,False,KNN,0.6481981981981981,0.08758043758043757,0.08738738738738737,0.1768339768339768,0.825032175032175,0.7749880514104552,0.5501048016996316
new + legacy,Both,CFS,True,LogisticRegression,0.536036036036036,0.09337194337194336,0.19954954954954957,0.17104247104247103,0.7070785070785071,0.6877964326958717,0.34297490800308317
new + legacy,Both,CFS,False,LogisticRegression,0.6994208494208495,0.1925997425997426,0.036164736164736165,0.0718146718146718,0.7712355212355213,0.6112171883236311,0.3160844745505867
new + legacy,Both,CFS,True,NaiveBayes,0.4259974259974259,0.10077220077220077,0.30958815958815955,0.16364221364221362,0.5896396396396395,0.5990061545482062,0.17490599215724667
new + legacy,Both,CFS,False,NaiveBayes,0.5945302445302445,0.15997425997425999,0.14105534105534104,0.10444015444015446,0.6989703989703989,0.6016136817944927,0.20825175469289942
new + legacy,Both,CFS,True,RandomForest,0.6546975546975545,0.07516087516087516,0.08088803088803088,0.18925353925353924,0.8439510939510938,0.8028908954802811,0.6016727731208907
new + legacy,Both,CFS,False,RandomForest,0.6849420849420851,0.09942084942084944,0.050643500643500636,0.16499356499356496,0.8499356499356501,0.7775741181404403,0.5953164659758543
new + legacy,Both,CFS,True,SVM_PUK,0.5963320463320464,0.0826898326898327,0.13925353925353923,0.18172458172458175,0.7780566280566281,0.7489810353119384,0.4704092288633517
new + legacy,Both,CFS,False,SVM_PUK,0.6946589446589448,0.16531531531531532,0.040926640926640924,0.09909909909909907,0.7937580437580439,0.6595744379617458,0.40560735645524293
new + legacy,Both,Postive Variance,True,J48,0.6088159588159587,0.0666023166023166,0.1265765765765766,0.19800514800514804,0.8068211068211067,0.7880882796571735,0.5428349538962376
new + legacy,Both,Postive Variance,False,J48,0.6686615186615188,0.09066924066924066,0.06647361647361648,0.17419562419562418,0.842857142857143,0.7836268435945807,0.585527508050743
new + legacy,Both,Postive Variance,True,KNN,0.6367438867438867,0.08577863577863577,0.09864864864864865,0.17882882882882883,0.8155727155727155,0.7708413205193334,0.5336616676679656
new + legacy,Both,Postive Variance,False,KNN,0.6405405405405405,0.08378378378378379,0.09459459459459459,0.1810810810810811,0.8216216216216217,0.7774984993997599,0.5480505798850894
new + legacy,Both,Postive Variance,True,LogisticRegression,0.5813384813384814,0.06904761904761904,0.1537966537966538,0.19581724581724583,0.7771557271557272,0.7650506631223919,0.49054029246052405
new + legacy,Both,Postive Variance,False,LogisticRegression,0.6621621621621621,0.11274131274131276,0.07297297297297296,0.15212355212355214,0.8142857142857142,0.7375396587206311,0.5019421771746594
new + legacy,Both,Postive Variance,True,NaiveBayes,0.5017374517374519,0.13474903474903474,0.23339768339768344,0.1301158301158301,0.631853281853282,0.5868820742582748,0.15940468026290927
new + legacy,Both,Postive Variance,False,NaiveBayes,0.5056628056628055,0.13616473616473618,0.22947232947232948,0.12870012870012867,0.6343629343629342,0.5868793946149888,0.159914291779919
new + legacy,Both,Postive Variance,True,RandomForest,0.6242599742599744,0.08642213642213642,0.11087516087516087,0.17844272844272846,0.8027027027027028,0.7614447564740181,0.5088389663437362
new + legacy,Both,Postive Variance,False,RandomForest,0.670978120978121,0.11306306306306306,0.06415701415701416,0.15180180180180178,0.8227799227799228,0.7429284213685474,0.5210137473766656
new + legacy,Both,Postive Variance,True,SVM_PUK,0.6389961389961389,0.07844272844272844,0.09613899613899614,0.18642213642213645,0.8254182754182754,0.7865306837020523,0.5616273330671403
new + legacy,Both,Postive Variance,False,SVM_PUK,0.6926640926640926,0.11904761904761905,0.04247104247104247,0.1458172458172458,0.8384813384813383,0.7463806951351969,0.5561857759505205
legacy,True,Postive Variance,True,J48,0.6127413127413129,0.06435006435006435,0.12265122265122264,0.2002574002574003,0.8129987129987133,0.7950129996772213,0.5566322192636115
legacy,True,Postive Variance,False,J48,0.6719433719433721,0.0971042471042471,0.06306306306306306,0.16788931788931788,0.83983268983269,0.7738803229778444,0.573609352448409
legacy,True,Postive Variance,True,KNN,0.6501287001287,0.0859073359073359,0.08526383526383528,0.17870012870012872,0.8288288288288288,0.7796985848806058,0.5598337278151151
legacy,True,Postive Variance,False,KNN,0.6528314028314027,0.08590733590733592,0.08217503217503218,0.1790862290862291,0.8319176319176318,0.7820058578364444,0.5665893585174221
legacy,True,Postive Variance,True,LogisticRegression,0.5703346203346203,0.0691119691119691,0.1650579150579151,0.19549549549549544,0.7658301158301157,0.7571822535679313,0.47254666871233125
legacy,True,Postive Variance,False,LogisticRegression,0.6614543114543114,0.14195624195624193,0.07355212355212354,0.12303732303732304,0.7844916344916345,0.6821165097322899,0.4044768616162045
legacy,True,Postive Variance,True,NaiveBayes,0.2946589446589447,0.07303732303732305,0.4407335907335907,0.1915701415701416,0.48622908622908634,0.5623305666742481,0.1140470987884137
legacy,True,Postive Variance,False,NaiveBayes,0.37902187902187906,0.08526383526383527,0.3559845559845559,0.1797297297297297,0.5587516087516088,0.5969566880509474,0.1715978048607253
legacy,True,Postive Variance,True,RandomForest,0.6480051480051479,0.0886100386100386,0.08738738738738738,0.175997425997426,0.8240025740025738,0.7731477587984457,0.5471074041263949
legacy,True,Postive Variance,False,RandomForest,0.6828185328185329,0.11647361647361644,0.05218790218790219,0.14851994851994854,0.8313384813384814,0.7447314594186947,0.5393219256586379
legacy,True,Postive Variance,True,SVM_PUK,0.6316602316602317,0.06859716859716859,0.10373230373230373,0.19601029601029601,0.8276705276705276,0.7998508510055853,0.5774213627769107
legacy,True,Postive Variance,False,SVM_PUK,0.6840411840411841,0.1113256113256113,0.050965250965250966,0.15366795366795363,0.8377091377091377,0.7552766407950234,0.5585120218662141
new,False,CFS,True,J48,0.6182754182754182,0.0866795366795367,0.118018018018018,0.17702702702702708,0.7953024453024453,0.7555082057498983,0.4937372976369704
new,False,CFS,False,J48,0.6895109395109394,0.12992277992277992,0.046782496782496776,0.13378378378378378,0.8232947232947232,0.7218914005911283,0.50837145825603
new,False,CFS,True,KNN,0.6285714285714286,0.11023166023166024,0.10772200772200773,0.15347490347490347,0.782046332046332,0.7178440606811155,0.4370320466743867
new,False,CFS,False,KNN,0.6285714285714286,0.11023166023166024,0.10772200772200773,0.15347490347490347,0.782046332046332,0.7178440606811155,0.4370320466743867
new,False,CFS,True,LogisticRegression,0.5194980694980695,0.10920205920205919,0.2167953667953668,0.1545045045045045,0.674002574002574,0.6457270138041681,0.26581030974989767
new,False,CFS,False,LogisticRegression,0.7152509652509652,0.22277992277992276,0.021042471042471044,0.04092664092664093,0.7561776061776061,0.5633093688122898,0.23141297609323722
new,False,CFS,True,NaiveBayes,0.5112612612612613,0.14781209781209778,0.22503217503217507,0.11589446589446589,0.6271557271557271,0.5669271439148313,0.12442878882176565
new,False,CFS,False,NaiveBayes,0.6729086229086227,0.2102960102960103,0.0633848133848134,0.05341055341055339,0.7263191763191761,0.558225737393994,0.1597671361557324
new,False,CFS,True,RandomForest,0.610939510939511,0.09350064350064351,0.12535392535392537,0.17020592020592018,0.7811454311454312,0.7375934210684583,0.4588868087681185
new,False,CFS,False,RandomForest,0.6491634491634491,0.1151866151866152,0.08712998712998712,0.1485199485199485,0.7976833976833977,0.7224328032424273,0.46188615989369186
new,False,CFS,True,SVM_PUK,0.5985842985842987,0.1122908622908623,0.13770913770913767,0.1514157014157014,0.7500000000000001,0.6935761442969226,0.3762949528898756
new,False,CFS,False,SVM_PUK,0.7027027027027029,0.18204633204633205,0.03359073359073359,0.08166023166023167,0.7843629343629346,0.632020927752497,0.3643563777247622
legacy,True,CFS,True,J48,0.5800514800514801,0.05797940797940799,0.15521235521235519,0.20675675675675675,0.7868082368082369,0.7849471193001896,0.5231977857647504
legacy,True,CFS,False,J48,0.6477477477477476,0.10495495495495495,0.08751608751608751,0.15978120978120977,0.8075289575289574,0.7422610382669109,0.4954734482364128
legacy,True,CFS,True,KNN,0.6427284427284427,0.0954954954954955,0.09253539253539253,0.16924066924066927,0.8119691119691119,0.7567135942971709,0.5152856822595968
legacy,True,CFS,False,KNN,0.6436936936936937,0.09633204633204633,0.0915701415701416,0.1684041184041184,0.8120978120978121,0.7557900211553433,0.5145804048439058
legacy,True,CFS,True,LogisticRegression,0.4645431145431145,0.13777348777348777,0.2707207207207207,0.126962676962677,0.5915057915057915,0.5556932857292016,0.10041068456372358
legacy,True,CFS,False,LogisticRegression,0.7268339768339768,0.24626769626769623,0.00842985842985843,0.018468468468468467,0.7453024453024453,0.5291483546851031,0.1589756234991919
legacy,True,CFS,True,NaiveBayes,0.38957528957528964,0.12123552123552124,0.3456885456885457,0.1435006435006435,0.5330759330759332,0.5359478731523538,0.0634545794056389
legacy,True,CFS,False,NaiveBayes,0.6904761904761905,0.2005791505791506,0.044787644787644784,0.06415701415701415,0.7546332046332046,0.5907147563476454,0.25690991324474916
legacy,True,CFS,True,RandomForest,0.6338481338481338,0.08159588159588159,0.10141570141570141,0.18314028314028316,0.816988416988417,0.7769265585972206,0.5415657041905935
legacy,True,CFS,False,RandomForest,0.6708494208494208,0.10501930501930502,0.06441441441441441,0.15971685971685973,0.8305662805662806,0.7578492867506759,0.5456055959152715
legacy,True,CFS,True,SVM_PUK,0.5312741312741314,0.09974259974259975,0.20398970398970398,0.16499356499356496,0.6962676962676964,0.6729001507108667,0.3161766781251168
legacy,True,CFS,False,SVM_PUK,0.7133204633204634,0.2088803088803089,0.021943371943371943,0.05585585585585586,0.7691763191763192,0.5905713295700575,0.2983654929152825
new + legacy,False,Postive Variance,True,J48,0.6263835263835263,0.06351351351351352,0.11904761904761903,0.19105534105534108,0.8174388674388674,0.7954012612494344,0.5564211706811107
new + legacy,False,Postive Variance,False,J48,0.6613899613899614,0.09555984555984556,0.0736808236808237,0.16936936936936936,0.8307593307593308,0.7695320481365222,0.5546108839051657
new + legacy,False,Postive Variance,True,KNN,0.6527670527670527,0.0875804375804376,0.09266409266409266,0.166988416988417,0.8197554697554696,0.7658281147875245,0.5282302179709978
new + legacy,False,Postive Variance,False,KNN,0.6425353925353927,0.09157014157014157,0.09253539253539253,0.17335907335907336,0.815894465894466,0.7642368006236899,0.5278601868622306
new + legacy,False,Postive Variance,True,LogisticRegression,0.5779279279279279,0.07638352638352638,0.1675032175032175,0.1781853281853282,0.7561132561132561,0.7376214760850013,0.4352986598859382
new + legacy,False,Postive Variance,False,LogisticRegression,0.6682110682110683,0.148005148005148,0.06685971685971687,0.11692406692406691,0.7851351351351352,0.6751919703313467,0.3992247856306034
new + legacy,False,Postive Variance,True,NaiveBayes,0.3445945945945946,0.08352638352638353,0.4008365508365508,0.17104247104247103,0.5156370656370657,0.5670831756364205,0.11811761606650246
new + legacy,False,Postive Variance,False,NaiveBayes,0.39137709137709137,0.09794079794079795,0.3436936936936937,0.166988416988417,0.5583655083655084,0.5813739484007683,0.14367262380732432
new + legacy,False,Postive Variance,True,RandomForest,0.656885456885457,0.0933075933075933,0.08854568854568855,0.16126126126126125,0.8181467181467182,0.7573418096296833,0.5179143819908877
new + legacy,False,Postive Variance,False,RandomForest,0.6830115830115829,0.12277992277992275,0.05205920205920205,0.14214929214929217,0.8251608751608751,0.7328668593682923,0.5195432850779163
new + legacy,False,Postive Variance,True,SVM_PUK,0.6348777348777348,0.06808236808236809,0.11055341055341054,0.1864864864864865,0.8213642213642213,0.79212506424258,0.5569708761781225
new + legacy,False,Postive Variance,False,SVM_PUK,0.6892535392535393,0.1184041184041184,0.04581724581724581,0.14652509652509652,0.8357786357786358,0.7453711198175592,0.5494546336099496
